"Veteran Suicides by State of Death and by Sex, 2005–2018",,,,,,,,
,,,,,,,,
Year,"Geographic
Region",State of Death,Sex," Veteran
Suicides ",,,,
2005, ,Total U.S.,Total," 6,056 ",,,,
2005, ,Total U.S.,Male," 5,870 ",,,,
2005, ,Total U.S.,Female, 186 ,,,,
2005,Northeast,Connecticut,Total, 49 ,,,,
2005,Northeast,Connecticut,Male, 40–50 ,,,,
2005,Northeast,Connecticut,Female, <10 ,,,,
2005,Northeast,Maine,Total, 46 ,,,,
2005,Northeast,Maine,Male, 40–50 ,,,,
2005,Northeast,Maine,Female, <10 ,,,,
2005,Northeast,Massachusetts,Total, 67 ,,,,
2005,Northeast,Massachusetts,Male, 60–70 ,,,,
2005,Northeast,Massachusetts,Female, <10 ,,,,
2005,Northeast,New Hampshire,Total, 33 ,,,,
2005,Northeast,New Hampshire,Male, 30–40 ,,,,
2005,Northeast,New Hampshire,Female, <10 ,,,,
2005,Northeast,New Jersey,Total, 65 ,,,,
2005,Northeast,New Jersey,Male, 60–70 ,,,,
2005,Northeast,New Jersey,Female, <10 ,,,,
2005,Northeast,New York,Total, 162 ,,,,
2005,Northeast,New York,Male, 150–160 ,,,,
2005,Northeast,New York,Female, <10 ,,,,
2005,Northeast,Pennsylvania,Total, 279 ,,,,
2005,Northeast,Pennsylvania,Male, 270–280 ,,,,
2005,Northeast,Pennsylvania,Female, <10 ,,,,
2005,Northeast,Rhode Island,Total, 13 ,,,,
2005,Northeast,Rhode Island,Male, 10–20 ,,,,
2005,Northeast,Rhode Island,Female, <10 ,,,,
2005,Northeast,Vermont,Total, 14 ,,,,
2005,Northeast,Vermont,Male, 10–20 ,,,,
2005,Northeast,Vermont,Female, <10 ,,,,
2005,Midwest,Illinois,Total, 198 ,,,,
2005,Midwest,Illinois,Male, 190–200 ,,,,
2005,Midwest,Illinois,Female, <10 ,,,,
2005,Midwest,Indiana,Total, 151 ,,,,
2005,Midwest,Indiana,Male, 140–150 ,,,,
2005,Midwest,Indiana,Female, <10 ,,,,
2005,Midwest,Iowa,Total, 63 ,,,,
2005,Midwest,Iowa,Male, 60–70 ,,,,
2005,Midwest,Iowa,Female, <10 ,,,,
2005,Midwest,Kansas,Total, 70 ,,,,
2005,Midwest,Kansas,Male, 60–70 ,,,,
2005,Midwest,Kansas,Female, <10 ,,,,
2005,Midwest,Michigan,Total, 193 ,,,,
2005,Midwest,Michigan,Male, 180–190 ,,,,
2005,Midwest,Michigan,Female, <10 ,,,,
2005,Midwest,Minnesota,Total, 93 ,,,,
2005,Midwest,Minnesota,Male, 90–100 ,,,,
2005,Midwest,Minnesota,Female, <10 ,,,,
2005,Midwest,Missouri,Total, 157 ,,,,
2005,Midwest,Missouri,Male, 150–160 ,,,,
2005,Midwest,Missouri,Female, <10 ,,,,
2005,Midwest,Nebraska,Total, 35 ,,,,
2005,Midwest,Nebraska,Male, 30–40 ,,,,
2005,Midwest,Nebraska,Female, <10 ,,,,
2005,Midwest,North Dakota,Total, 19 ,,,,
2005,Midwest,North Dakota,Male, 10–20 ,,,,
2005,Midwest,North Dakota,Female, <10 ,,,,
2005,Midwest,Ohio,Total, 292 ,,,,
2005,Midwest,Ohio,Male, 280–290 ,,,,
2005,Midwest,Ohio,Female, <10 ,,,,
2005,Midwest,South Dakota,Total, 32 ,,,,
2005,Midwest,South Dakota,Male, 30–40 ,,,,
2005,Midwest,South Dakota,Female, <10 ,,,,
2005,Midwest,Wisconsin,Total, 125 ,,,,
2005,Midwest,Wisconsin,Male, 120–130 ,,,,
2005,Midwest,Wisconsin,Female, <10 ,,,,
2005,South,Alabama,Total, 116 ,,,,
2005,South,Alabama,Male, 110–120 ,,,,
2005,South,Alabama,Female, <10 ,,,,
2005,South,Arkansas,Total, 77 ,,,,
2005,South,Arkansas,Male, 70–80 ,,,,
2005,South,Arkansas,Female, <10 ,,,,
2005,South,Delaware,Total, 18 ,,,,
2005,South,Delaware,Male, 10–20 ,,,,
2005,South,Delaware,Female, <10 ,,,,
2005,South,District of Columbia,Total, <10 ,,,,
2005,South,District of Columbia,Male, <10 ,,,,
2005,South,District of Columbia,Female, <10 ,,,,
2005,South,Florida,Total, 486 ,,,,
2005,South,Florida,Male, 464 ,,,,
2005,South,Florida,Female, 22 ,,,,
2005,South,Georgia,Total, 182 ,,,,
2005,South,Georgia,Male, 170–180 ,,,,
2005,South,Georgia,Female, <10 ,,,,
2005,South,Kentucky,Total, 114 ,,,,
2005,South,Kentucky,Male, 110–120 ,,,,
2005,South,Kentucky,Female, <10 ,,,,
2005,South,Louisiana,Total, 67 ,,,,
2005,South,Louisiana,Male, 60–70 ,,,,
2005,South,Louisiana,Female, <10 ,,,,
2005,South,Maryland,Total, 95 ,,,,
2005,South,Maryland,Male, 90–100 ,,,,
2005,South,Maryland,Female, <10 ,,,,
2005,South,Mississippi,Total, 61 ,,,,
2005,South,Mississippi,Male, 60–70 ,,,,
2005,South,Mississippi,Female, <10 ,,,,
2005,South,North Carolina,Total, 202 ,,,,
2005,South,North Carolina,Male, 190–200 ,,,,
2005,South,North Carolina,Female, <10 ,,,,
2005,South,Oklahoma,Total, 103 ,,,,
2005,South,Oklahoma,Male, 90–100 ,,,,
2005,South,Oklahoma,Female, <10 ,,,,
2005,South,South Carolina,Total, 77 ,,,,
2005,South,South Carolina,Male, 70–80 ,,,,
2005,South,South Carolina,Female, <10 ,,,,
2005,South,Tennessee,Total, 162 ,,,,
2005,South,Tennessee,Male, 150–160 ,,,,
2005,South,Tennessee,Female, <10 ,,,,
2005,South,Texas,Total, 415 ,,,,
2005,South,Texas,Male, 401 ,,,,
2005,South,Texas,Female, 14 ,,,,
2005,South,Virginia,Total, 190 ,,,,
2005,South,Virginia,Male, 180–190 ,,,,
2005,South,Virginia,Female, <10 ,,,,
2005,South,West Virginia,Total, 57 ,,,,
2005,South,West Virginia,Male, 50–60 ,,,,
2005,South,West Virginia,Female, <10 ,,,,
2005,West,Alaska,Total, 22 ,,,,
2005,West,Alaska,Male, 10–20 ,,,,
2005,West,Alaska,Female, <10 ,,,,
2005,West,Arizona,Total, 183 ,,,,
2005,West,Arizona,Male, 170–180 ,,,,
2005,West,Arizona,Female, <10 ,,,,
2005,West,California,Total, 466 ,,,,
2005,West,California,Male, 443 ,,,,
2005,West,California,Female, 23 ,,,,
2005,West,Colorado,Total, 162 ,,,,
2005,West,Colorado,Male, 152 ,,,,
2005,West,Colorado,Female, 10 ,,,,
2005,West,Hawaii,Total, 15 ,,,,
2005,West,Hawaii,Male, 10–20 ,,,,
2005,West,Hawaii,Female, <10 ,,,,
2005,West,Idaho,Total, 52 ,,,,
2005,West,Idaho,Male, 40–50 ,,,,
2005,West,Idaho,Female, <10 ,,,,
2005,West,Montana,Total, 49 ,,,,
2005,West,Montana,Male, 40–50 ,,,,
2005,West,Montana,Female, <10 ,,,,
2005,West,Nevada,Total, 109 ,,,,
2005,West,Nevada,Male, 100–110 ,,,,
2005,West,Nevada,Female, <10 ,,,,
2005,West,New Mexico,Total, 65 ,,,,
2005,West,New Mexico,Male, 60–70 ,,,,
2005,West,New Mexico,Female, <10 ,,,,
2005,West,Oregon,Total, 117 ,,,,
2005,West,Oregon,Male, 110–120 ,,,,
2005,West,Oregon,Female, <10 ,,,,
2005,West,Utah,Total, 38 ,,,,
2005,West,Utah,Male, 30–40 ,,,,
2005,West,Utah,Female, <10 ,,,,
2005,West,Washington,Total, 170 ,,,,
2005,West,Washington,Male, 160–170 ,,,,
2005,West,Washington,Female, <10 ,,,,
2005,West,Wyoming,Total, 23 ,,,,
2005,West,Wyoming,Male, 20–30 ,,,,
2005,West,Wyoming,Female, <10 ,,,,
2006, ,Total U.S.,Total," 5,968 ",,,,
2006, ,Total U.S.,Male," 5,800 ",,,,
2006, ,Total U.S.,Female, 168 ,,,,
2006,Northeast,Connecticut,Total, 43 ,,,,
2006,Northeast,Connecticut,Male, 40–50 ,,,,
2006,Northeast,Connecticut,Female, <10 ,,,,
2006,Northeast,Maine,Total, 39 ,,,,
2006,Northeast,Maine,Male, 30–40 ,,,,
2006,Northeast,Maine,Female, <10 ,,,,
2006,Northeast,Massachusetts,Total, 52 ,,,,
2006,Northeast,Massachusetts,Male, 40–50 ,,,,
2006,Northeast,Massachusetts,Female, <10 ,,,,
2006,Northeast,New Hampshire,Total, 33 ,,,,
2006,Northeast,New Hampshire,Male, 20–30 ,,,,
2006,Northeast,New Hampshire,Female, <10 ,,,,
2006,Northeast,New Jersey,Total, 67 ,,,,
2006,Northeast,New Jersey,Male, 60–70 ,,,,
2006,Northeast,New Jersey,Female, <10 ,,,,
2006,Northeast,New York,Total, 175 ,,,,
2006,Northeast,New York,Male, 170–180 ,,,,
2006,Northeast,New York,Female, <10 ,,,,
2006,Northeast,Pennsylvania,Total, 260 ,,,,
2006,Northeast,Pennsylvania,Male, 250–260 ,,,,
2006,Northeast,Pennsylvania,Female, <10 ,,,,
2006,Northeast,Rhode Island,Total, 21 ,,,,
2006,Northeast,Rhode Island,Male, 20–30 ,,,,
2006,Northeast,Rhode Island,Female, <10 ,,,,
2006,Northeast,Vermont,Total, 16 ,,,,
2006,Northeast,Vermont,Male, 10–20 ,,,,
2006,Northeast,Vermont,Female, <10 ,,,,
2006,Midwest,Illinois,Total, 157 ,,,,
2006,Midwest,Illinois,Male, 150–160 ,,,,
2006,Midwest,Illinois,Female, <10 ,,,,
2006,Midwest,Indiana,Total, 145 ,,,,
2006,Midwest,Indiana,Male, 140–150 ,,,,
2006,Midwest,Indiana,Female, <10 ,,,,
2006,Midwest,Iowa,Total, 62 ,,,,
2006,Midwest,Iowa,Male, 60–70 ,,,,
2006,Midwest,Iowa,Female, <10 ,,,,
2006,Midwest,Kansas,Total, 75 ,,,,
2006,Midwest,Kansas,Male, 70–80 ,,,,
2006,Midwest,Kansas,Female, <10 ,,,,
2006,Midwest,Michigan,Total, 236 ,,,,
2006,Midwest,Michigan,Male, 220–230 ,,,,
2006,Midwest,Michigan,Female, <10 ,,,,
2006,Midwest,Minnesota,Total, 99 ,,,,
2006,Midwest,Minnesota,Male, 90–100 ,,,,
2006,Midwest,Minnesota,Female, <10 ,,,,
2006,Midwest,Missouri,Total, 161 ,,,,
2006,Midwest,Missouri,Male, 150–160 ,,,,
2006,Midwest,Missouri,Female, <10 ,,,,
2006,Midwest,Nebraska,Total, 39 ,,,,
2006,Midwest,Nebraska,Male, 30–40 ,,,,
2006,Midwest,Nebraska,Female, <10 ,,,,
2006,Midwest,North Dakota,Total, 16 ,,,,
2006,Midwest,North Dakota,Male, 10–20 ,,,,
2006,Midwest,North Dakota,Female, <10 ,,,,
2006,Midwest,Ohio,Total, 237 ,,,,
2006,Midwest,Ohio,Male, 230–240 ,,,,
2006,Midwest,Ohio,Female, <10 ,,,,
2006,Midwest,South Dakota,Total, 24 ,,,,
2006,Midwest,South Dakota,Male, 20–30 ,,,,
2006,Midwest,South Dakota,Female, <10 ,,,,
2006,Midwest,Wisconsin,Total, 126 ,,,,
2006,Midwest,Wisconsin,Male, 120–130 ,,,,
2006,Midwest,Wisconsin,Female, <10 ,,,,
2006,South,Alabama,Total, 118 ,,,,
2006,South,Alabama,Male, 110–120 ,,,,
2006,South,Alabama,Female, <10 ,,,,
2006,South,Arkansas,Total, 79 ,,,,
2006,South,Arkansas,Male, 70–80 ,,,,
2006,South,Arkansas,Female, <10 ,,,,
2006,South,Delaware,Total, 16 ,,,,
2006,South,Delaware,Male, 10–20 ,,,,
2006,South,Delaware,Female, <10 ,,,,
2006,South,District of Columbia,Total, <10 ,,,,
2006,South,District of Columbia,Male, <10 ,,,,
2006,South,District of Columbia,Female, <10 ,,,,
2006,South,Florida,Total, 500 ,,,,
2006,South,Florida,Male, 480 ,,,,
2006,South,Florida,Female, 20 ,,,,
2006,South,Georgia,Total, 165 ,,,,
2006,South,Georgia,Male, 160–170 ,,,,
2006,South,Georgia,Female, <10 ,,,,
2006,South,Kentucky,Total, 121 ,,,,
2006,South,Kentucky,Male, 110–120 ,,,,
2006,South,Kentucky,Female, <10 ,,,,
2006,South,Louisiana,Total, 68 ,,,,
2006,South,Louisiana,Male, 60–70 ,,,,
2006,South,Louisiana,Female, <10 ,,,,
2006,South,Maryland,Total, 86 ,,,,
2006,South,Maryland,Male, 80–90 ,,,,
2006,South,Maryland,Female, <10 ,,,,
2006,South,Mississippi,Total, 67 ,,,,
2006,South,Mississippi,Male, 60–70 ,,,,
2006,South,Mississippi,Female, <10 ,,,,
2006,South,North Carolina,Total, 204 ,,,,
2006,South,North Carolina,Male, 200–210 ,,,,
2006,South,North Carolina,Female, <10 ,,,,
2006,South,Oklahoma,Total, 94 ,,,,
2006,South,Oklahoma,Male, 90–100 ,,,,
2006,South,Oklahoma,Female, <10 ,,,,
2006,South,South Carolina,Total, 95 ,,,,
2006,South,South Carolina,Male, 90–100 ,,,,
2006,South,South Carolina,Female, <10 ,,,,
2006,South,Tennessee,Total, 169 ,,,,
2006,South,Tennessee,Male, 160–170 ,,,,
2006,South,Tennessee,Female, <10 ,,,,
2006,South,Texas,Total, 394 ,,,,
2006,South,Texas,Male, 383 ,,,,
2006,South,Texas,Female, 11 ,,,,
2006,South,Virginia,Total, 162 ,,,,
2006,South,Virginia,Male, 150–160 ,,,,
2006,South,Virginia,Female, <10 ,,,,
2006,South,West Virginia,Total, 56 ,,,,
2006,South,West Virginia,Male, 50–60 ,,,,
2006,South,West Virginia,Female, <10 ,,,,
2006,West,Alaska,Total, 27 ,,,,
2006,West,Alaska,Male, 20–30 ,,,,
2006,West,Alaska,Female, <10 ,,,,
2006,West,Arizona,Total, 203 ,,,,
2006,West,Arizona,Male, 190–200 ,,,,
2006,West,Arizona,Female, <10 ,,,,
2006,West,California,Total, 531 ,,,,
2006,West,California,Male, 513 ,,,,
2006,West,California,Female, 18 ,,,,
2006,West,Colorado,Total, 125 ,,,,
2006,West,Colorado,Male, 110–120 ,,,,
2006,West,Colorado,Female, <10 ,,,,
2006,West,Hawaii,Total, 15 ,,,,
2006,West,Hawaii,Male, 10–20 ,,,,
2006,West,Hawaii,Female, <10 ,,,,
2006,West,Idaho,Total, 41 ,,,,
2006,West,Idaho,Male, 40–50 ,,,,
2006,West,Idaho,Female, <10 ,,,,
2006,West,Montana,Total, 49 ,,,,
2006,West,Montana,Male, 40–50 ,,,,
2006,West,Montana,Female, <10 ,,,,
2006,West,Nevada,Total, 102 ,,,,
2006,West,Nevada,Male, 90–100 ,,,,
2006,West,Nevada,Female, <10 ,,,,
2006,West,New Mexico,Total, 61 ,,,,
2006,West,New Mexico,Male, 50–60 ,,,,
2006,West,New Mexico,Female, <10 ,,,,
2006,West,Oregon,Total, 122 ,,,,
2006,West,Oregon,Male, 110–120 ,,,,
2006,West,Oregon,Female, <10 ,,,,
2006,West,Utah,Total, 47 ,,,,
2006,West,Utah,Male, 40–50 ,,,,
2006,West,Utah,Female, <10 ,,,,
2006,West,Washington,Total, 139 ,,,,
2006,West,Washington,Male, 130–140 ,,,,
2006,West,Washington,Female, <10 ,,,,
2006,West,Wyoming,Total, 20 ,,,,
2006,West,Wyoming,Male, 10–20 ,,,,
2006,West,Wyoming,Female, <10 ,,,,
2007, ,Total U.S.,Total," 6,174 ",,,,
2007, ,Total U.S.,Male," 5,992 ",,,,
2007, ,Total U.S.,Female, 182 ,,,,
2007,Northeast,Connecticut,Total, 35 ,,,,
2007,Northeast,Connecticut,Male, 30–40 ,,,,
2007,Northeast,Connecticut,Female, <10 ,,,,
2007,Northeast,Maine,Total, 40 ,,,,
2007,Northeast,Maine,Male, 30–40 ,,,,
2007,Northeast,Maine,Female, <10 ,,,,
2007,Northeast,Massachusetts,Total, 71 ,,,,
2007,Northeast,Massachusetts,Male, 60–70 ,,,,
2007,Northeast,Massachusetts,Female, <10 ,,,,
2007,Northeast,New Hampshire,Total, 41 ,,,,
2007,Northeast,New Hampshire,Male, 30–40 ,,,,
2007,Northeast,New Hampshire,Female, <10 ,,,,
2007,Northeast,New Jersey,Total, 76 ,,,,
2007,Northeast,New Jersey,Male, 70–80 ,,,,
2007,Northeast,New Jersey,Female, <10 ,,,,
2007,Northeast,New York,Total, 176 ,,,,
2007,Northeast,New York,Male, 170–180 ,,,,
2007,Northeast,New York,Female, <10 ,,,,
2007,Northeast,Pennsylvania,Total, 252 ,,,,
2007,Northeast,Pennsylvania,Male, 240–250 ,,,,
2007,Northeast,Pennsylvania,Female, <10 ,,,,
2007,Northeast,Rhode Island,Total, 20 ,,,,
2007,Northeast,Rhode Island,Male, 10–20 ,,,,
2007,Northeast,Rhode Island,Female, <10 ,,,,
2007,Northeast,Vermont,Total, 15 ,,,,
2007,Northeast,Vermont,Male, 10–20 ,,,,
2007,Northeast,Vermont,Female, <10 ,,,,
2007,Midwest,Illinois,Total, 163 ,,,,
2007,Midwest,Illinois,Male, 160–170 ,,,,
2007,Midwest,Illinois,Female, <10 ,,,,
2007,Midwest,Indiana,Total, 143 ,,,,
2007,Midwest,Indiana,Male, 130–140 ,,,,
2007,Midwest,Indiana,Female, <10 ,,,,
2007,Midwest,Iowa,Total, 63 ,,,,
2007,Midwest,Iowa,Male, 50–60 ,,,,
2007,Midwest,Iowa,Female, <10 ,,,,
2007,Midwest,Kansas,Total, 76 ,,,,
2007,Midwest,Kansas,Male, 70–80 ,,,,
2007,Midwest,Kansas,Female, <10 ,,,,
2007,Midwest,Michigan,Total, 202 ,,,,
2007,Midwest,Michigan,Male, 190–200 ,,,,
2007,Midwest,Michigan,Female, <10 ,,,,
2007,Midwest,Minnesota,Total, 107 ,,,,
2007,Midwest,Minnesota,Male, 100–110 ,,,,
2007,Midwest,Minnesota,Female, <10 ,,,,
2007,Midwest,Missouri,Total, 136 ,,,,
2007,Midwest,Missouri,Male, 130–140 ,,,,
2007,Midwest,Missouri,Female, <10 ,,,,
2007,Midwest,Nebraska,Total, 30 ,,,,
2007,Midwest,Nebraska,Male, 20–30 ,,,,
2007,Midwest,Nebraska,Female, <10 ,,,,
2007,Midwest,North Dakota,Total, 23 ,,,,
2007,Midwest,North Dakota,Male, 20–30 ,,,,
2007,Midwest,North Dakota,Female, <10 ,,,,
2007,Midwest,Ohio,Total, 265 ,,,,
2007,Midwest,Ohio,Male, 260–270 ,,,,
2007,Midwest,Ohio,Female, <10 ,,,,
2007,Midwest,South Dakota,Total, 19 ,,,,
2007,Midwest,South Dakota,Male, 10–20 ,,,,
2007,Midwest,South Dakota,Female, <10 ,,,,
2007,Midwest,Wisconsin,Total, 113 ,,,,
2007,Midwest,Wisconsin,Male, 100–110 ,,,,
2007,Midwest,Wisconsin,Female, <10 ,,,,
2007,South,Alabama,Total, 105 ,,,,
2007,South,Alabama,Male, 90–100 ,,,,
2007,South,Alabama,Female, <10 ,,,,
2007,South,Arkansas,Total, 79 ,,,,
2007,South,Arkansas,Male, 70–80 ,,,,
2007,South,Arkansas,Female, <10 ,,,,
2007,South,Delaware,Total, 11 ,,,,
2007,South,Delaware,Male, 10–20 ,,,,
2007,South,Delaware,Female, <10 ,,,,
2007,South,District of Columbia,Total, <10 ,,,,
2007,South,District of Columbia,Male, <10 ,,,,
2007,South,District of Columbia,Female, <10 ,,,,
2007,South,Florida,Total, 542 ,,,,
2007,South,Florida,Male, 527 ,,,,
2007,South,Florida,Female, 15 ,,,,
2007,South,Georgia,Total, 199 ,,,,
2007,South,Georgia,Male, 190–200 ,,,,
2007,South,Georgia,Female, <10 ,,,,
2007,South,Kentucky,Total, 126 ,,,,
2007,South,Kentucky,Male, 120–130 ,,,,
2007,South,Kentucky,Female, <10 ,,,,
2007,South,Louisiana,Total, 83 ,,,,
2007,South,Louisiana,Male, 80–90 ,,,,
2007,South,Louisiana,Female, <10 ,,,,
2007,South,Maryland,Total, 91 ,,,,
2007,South,Maryland,Male, 80–90 ,,,,
2007,South,Maryland,Female, <10 ,,,,
2007,South,Mississippi,Total, 75 ,,,,
2007,South,Mississippi,Male, 70–80 ,,,,
2007,South,Mississippi,Female, <10 ,,,,
2007,South,North Carolina,Total, 195 ,,,,
2007,South,North Carolina,Male, 185 ,,,,
2007,South,North Carolina,Female, 10 ,,,,
2007,South,Oklahoma,Total, 103 ,,,,
2007,South,Oklahoma,Male, 90–100 ,,,,
2007,South,Oklahoma,Female, <10 ,,,,
2007,South,South Carolina,Total, 111 ,,,,
2007,South,South Carolina,Male, 100–110 ,,,,
2007,South,South Carolina,Female, <10 ,,,,
2007,South,Tennessee,Total, 155 ,,,,
2007,South,Tennessee,Male, 140–150 ,,,,
2007,South,Tennessee,Female, <10 ,,,,
2007,South,Texas,Total, 402 ,,,,
2007,South,Texas,Male, 391 ,,,,
2007,South,Texas,Female, 11 ,,,,
2007,South,Virginia,Total, 178 ,,,,
2007,South,Virginia,Male, 170–180 ,,,,
2007,South,Virginia,Female, <10 ,,,,
2007,South,West Virginia,Total, 65 ,,,,
2007,South,West Virginia,Male, 60–70 ,,,,
2007,South,West Virginia,Female, <10 ,,,,
2007,West,Alaska,Total, 27 ,,,,
2007,West,Alaska,Male, 20–30 ,,,,
2007,West,Alaska,Female, <10 ,,,,
2007,West,Arizona,Total, 194 ,,,,
2007,West,Arizona,Male, 190–200 ,,,,
2007,West,Arizona,Female, <10 ,,,,
2007,West,California,Total, 517 ,,,,
2007,West,California,Male, 498 ,,,,
2007,West,California,Female, 19 ,,,,
2007,West,Colorado,Total, 160 ,,,,
2007,West,Colorado,Male, 150–160 ,,,,
2007,West,Colorado,Female, <10 ,,,,
2007,West,Hawaii,Total, 21 ,,,,
2007,West,Hawaii,Male, 10–20 ,,,,
2007,West,Hawaii,Female, <10 ,,,,
2007,West,Idaho,Total, 42 ,,,,
2007,West,Idaho,Male, 40–50 ,,,,
2007,West,Idaho,Female, <10 ,,,,
2007,West,Montana,Total, 48 ,,,,
2007,West,Montana,Male, 40–50 ,,,,
2007,West,Montana,Female, <10 ,,,,
2007,West,Nevada,Total, 95 ,,,,
2007,West,Nevada,Male, 90–100 ,,,,
2007,West,Nevada,Female, <10 ,,,,
2007,West,New Mexico,Total, 88 ,,,,
2007,West,New Mexico,Male, 70–80 ,,,,
2007,West,New Mexico,Female, <10 ,,,,
2007,West,Oregon,Total, 135 ,,,,
2007,West,Oregon,Male, 120–130 ,,,,
2007,West,Oregon,Female, <10 ,,,,
2007,West,Utah,Total, 56 ,,,,
2007,West,Utah,Male, 50–60 ,,,,
2007,West,Utah,Female, <10 ,,,,
2007,West,Washington,Total, 176 ,,,,
2007,West,Washington,Male, 160–170 ,,,,
2007,West,Washington,Female, <10 ,,,,
2007,West,Wyoming,Total, 24 ,,,,
2007,West,Wyoming,Male, 20–30 ,,,,
2007,West,Wyoming,Female, <10 ,,,,
2008, ,Total U.S.,Total," 6,489 ",,,,
2008, ,Total U.S.,Male," 6,287 ",,,,
2008, ,Total U.S.,Female, 202 ,,,,
2008,Northeast,Connecticut,Total, 41 ,,,,
2008,Northeast,Connecticut,Male, 40–50 ,,,,
2008,Northeast,Connecticut,Female, <10 ,,,,
2008,Northeast,Maine,Total, 37 ,,,,
2008,Northeast,Maine,Male, 30–40 ,,,,
2008,Northeast,Maine,Female, <10 ,,,,
2008,Northeast,Massachusetts,Total, 71 ,,,,
2008,Northeast,Massachusetts,Male, 60–70 ,,,,
2008,Northeast,Massachusetts,Female, <10 ,,,,
2008,Northeast,New Hampshire,Total, 34 ,,,,
2008,Northeast,New Hampshire,Male, 30–40 ,,,,
2008,Northeast,New Hampshire,Female, <10 ,,,,
2008,Northeast,New Jersey,Total, 86 ,,,,
2008,Northeast,New Jersey,Male, 80–90 ,,,,
2008,Northeast,New Jersey,Female, <10 ,,,,
2008,Northeast,New York,Total, 211 ,,,,
2008,Northeast,New York,Male, 200–210 ,,,,
2008,Northeast,New York,Female, <10 ,,,,
2008,Northeast,Pennsylvania,Total, 297 ,,,,
2008,Northeast,Pennsylvania,Male, 290–300 ,,,,
2008,Northeast,Pennsylvania,Female, <10 ,,,,
2008,Northeast,Rhode Island,Total, 17 ,,,,
2008,Northeast,Rhode Island,Male, 10–20 ,,,,
2008,Northeast,Rhode Island,Female, <10 ,,,,
2008,Northeast,Vermont,Total, 20 ,,,,
2008,Northeast,Vermont,Male, 10–20 ,,,,
2008,Northeast,Vermont,Female, <10 ,,,,
2008,Midwest,Illinois,Total, 194 ,,,,
2008,Midwest,Illinois,Male, 180–190 ,,,,
2008,Midwest,Illinois,Female, <10 ,,,,
2008,Midwest,Indiana,Total, 176 ,,,,
2008,Midwest,Indiana,Male, 170–180 ,,,,
2008,Midwest,Indiana,Female, <10 ,,,,
2008,Midwest,Iowa,Total, 64 ,,,,
2008,Midwest,Iowa,Male, 60–70 ,,,,
2008,Midwest,Iowa,Female, <10 ,,,,
2008,Midwest,Kansas,Total, 55 ,,,,
2008,Midwest,Kansas,Male, 50–60 ,,,,
2008,Midwest,Kansas,Female, <10 ,,,,
2008,Midwest,Michigan,Total, 191 ,,,,
2008,Midwest,Michigan,Male, 180–190 ,,,,
2008,Midwest,Michigan,Female, <10 ,,,,
2008,Midwest,Minnesota,Total, 100 ,,,,
2008,Midwest,Minnesota,Male, 90–100 ,,,,
2008,Midwest,Minnesota,Female, <10 ,,,,
2008,Midwest,Missouri,Total, 143 ,,,,
2008,Midwest,Missouri,Male, 130–140 ,,,,
2008,Midwest,Missouri,Female, <10 ,,,,
2008,Midwest,Nebraska,Total, 35 ,,,,
2008,Midwest,Nebraska,Male, 30–40 ,,,,
2008,Midwest,Nebraska,Female, <10 ,,,,
2008,Midwest,North Dakota,Total, 10 ,,,,
2008,Midwest,North Dakota,Male, 0–10 ,,,,
2008,Midwest,North Dakota,Female, <10 ,,,,
2008,Midwest,Ohio,Total, 248 ,,,,
2008,Midwest,Ohio,Male, 240–250 ,,,,
2008,Midwest,Ohio,Female, <10 ,,,,
2008,Midwest,South Dakota,Total, 17 ,,,,
2008,Midwest,South Dakota,Male, 10–20 ,,,,
2008,Midwest,South Dakota,Female, <10 ,,,,
2008,Midwest,Wisconsin,Total, 134 ,,,,
2008,Midwest,Wisconsin,Male, 120–130 ,,,,
2008,Midwest,Wisconsin,Female, <10 ,,,,
2008,South,Alabama,Total, 116 ,,,,
2008,South,Alabama,Male, 110–120 ,,,,
2008,South,Alabama,Female, <10 ,,,,
2008,South,Arkansas,Total, 85 ,,,,
2008,South,Arkansas,Male, 70–80 ,,,,
2008,South,Arkansas,Female, <10 ,,,,
2008,South,Delaware,Total, 16 ,,,,
2008,South,Delaware,Male, 10–20 ,,,,
2008,South,Delaware,Female, <10 ,,,,
2008,South,District of Columbia,Total, <10 ,,,,
2008,South,District of Columbia,Male, <10 ,,,,
2008,South,District of Columbia,Female, <10 ,,,,
2008,South,Florida,Total, 553 ,,,,
2008,South,Florida,Male, 538 ,,,,
2008,South,Florida,Female, 15 ,,,,
2008,South,Georgia,Total, 185 ,,,,
2008,South,Georgia,Male, 170–180 ,,,,
2008,South,Georgia,Female, <10 ,,,,
2008,South,Kentucky,Total, 114 ,,,,
2008,South,Kentucky,Male, 100–110 ,,,,
2008,South,Kentucky,Female, <10 ,,,,
2008,South,Louisiana,Total, 97 ,,,,
2008,South,Louisiana,Male, 90–100 ,,,,
2008,South,Louisiana,Female, <10 ,,,,
2008,South,Maryland,Total, 92 ,,,,
2008,South,Maryland,Male, 80–90 ,,,,
2008,South,Maryland,Female, <10 ,,,,
2008,South,Mississippi,Total, 82 ,,,,
2008,South,Mississippi,Male, 80–90 ,,,,
2008,South,Mississippi,Female, <10 ,,,,
2008,South,North Carolina,Total, 203 ,,,,
2008,South,North Carolina,Male, 190–200 ,,,,
2008,South,North Carolina,Female, <10 ,,,,
2008,South,Oklahoma,Total, 119 ,,,,
2008,South,Oklahoma,Male, 110–120 ,,,,
2008,South,Oklahoma,Female, <10 ,,,,
2008,South,South Carolina,Total, 105 ,,,,
2008,South,South Carolina,Male, 90–100 ,,,,
2008,South,South Carolina,Female, <10 ,,,,
2008,South,Tennessee,Total, 163 ,,,,
2008,South,Tennessee,Male, 150–160 ,,,,
2008,South,Tennessee,Female, <10 ,,,,
2008,South,Texas,Total, 448 ,,,,
2008,South,Texas,Male, 435 ,,,,
2008,South,Texas,Female, 13 ,,,,
2008,South,Virginia,Total, 173 ,,,,
2008,South,Virginia,Male, 160–170 ,,,,
2008,South,Virginia,Female, <10 ,,,,
2008,South,West Virginia,Total, 47 ,,,,
2008,South,West Virginia,Male, 40–50 ,,,,
2008,South,West Virginia,Female, <10 ,,,,
2008,West,Alaska,Total, 20 ,,,,
2008,West,Alaska,Male, 10–20 ,,,,
2008,West,Alaska,Female, <10 ,,,,
2008,West,Arizona,Total, 192 ,,,,
2008,West,Arizona,Male, 180–190 ,,,,
2008,West,Arizona,Female, <10 ,,,,
2008,West,California,Total, 614 ,,,,
2008,West,California,Male, 600 ,,,,
2008,West,California,Female, 14 ,,,,
2008,West,Colorado,Total, 172 ,,,,
2008,West,Colorado,Male, 160–170 ,,,,
2008,West,Colorado,Female, <10 ,,,,
2008,West,Hawaii,Total, 19 ,,,,
2008,West,Hawaii,Male, 10–20 ,,,,
2008,West,Hawaii,Female, <10 ,,,,
2008,West,Idaho,Total, 59 ,,,,
2008,West,Idaho,Male, 50–60 ,,,,
2008,West,Idaho,Female, <10 ,,,,
2008,West,Montana,Total, 49 ,,,,
2008,West,Montana,Male, 40–50 ,,,,
2008,West,Montana,Female, <10 ,,,,
2008,West,Nevada,Total, 132 ,,,,
2008,West,Nevada,Male, 120–130 ,,,,
2008,West,Nevada,Female, <10 ,,,,
2008,West,New Mexico,Total, 62 ,,,,
2008,West,New Mexico,Male, 60–70 ,,,,
2008,West,New Mexico,Female, <10 ,,,,
2008,West,Oregon,Total, 124 ,,,,
2008,West,Oregon,Male, 110–120 ,,,,
2008,West,Oregon,Female, <10 ,,,,
2008,West,Utah,Total, 51 ,,,,
2008,West,Utah,Male, 50–60 ,,,,
2008,West,Utah,Female, <10 ,,,,
2008,West,Washington,Total, 179 ,,,,
2008,West,Washington,Male, 170–180 ,,,,
2008,West,Washington,Female, <10 ,,,,
2008,West,Wyoming,Total, 31 ,,,,
2008,West,Wyoming,Male, 30–40 ,,,,
2008,West,Wyoming,Female, <10 ,,,,
2009, ,Total U.S.,Total," 6,455 ",,,,
2009, ,Total U.S.,Male," 6,232 ",,,,
2009, ,Total U.S.,Female, 223 ,,,,
2009,Northeast,Connecticut,Total, 40 ,,,,
2009,Northeast,Connecticut,Male, 30–40 ,,,,
2009,Northeast,Connecticut,Female, <10 ,,,,
2009,Northeast,Maine,Total, 40 ,,,,
2009,Northeast,Maine,Male, 30–40 ,,,,
2009,Northeast,Maine,Female, <10 ,,,,
2009,Northeast,Massachusetts,Total, 81 ,,,,
2009,Northeast,Massachusetts,Male, 70–80 ,,,,
2009,Northeast,Massachusetts,Female, <10 ,,,,
2009,Northeast,New Hampshire,Total, 30 ,,,,
2009,Northeast,New Hampshire,Male, 20–30 ,,,,
2009,Northeast,New Hampshire,Female, <10 ,,,,
2009,Northeast,New Jersey,Total, 72 ,,,,
2009,Northeast,New Jersey,Male, 60–70 ,,,,
2009,Northeast,New Jersey,Female, <10 ,,,,
2009,Northeast,New York,Total, 195 ,,,,
2009,Northeast,New York,Male, 190–200 ,,,,
2009,Northeast,New York,Female, <10 ,,,,
2009,Northeast,Pennsylvania,Total, 277 ,,,,
2009,Northeast,Pennsylvania,Male, 270–280 ,,,,
2009,Northeast,Pennsylvania,Female, <10 ,,,,
2009,Northeast,Rhode Island,Total, 17 ,,,,
2009,Northeast,Rhode Island,Male, 10–20 ,,,,
2009,Northeast,Rhode Island,Female, <10 ,,,,
2009,Northeast,Vermont,Total, 12 ,,,,
2009,Northeast,Vermont,Male, 10–20 ,,,,
2009,Northeast,Vermont,Female, <10 ,,,,
2009,Midwest,Illinois,Total, 174 ,,,,
2009,Midwest,Illinois,Male, 160–170 ,,,,
2009,Midwest,Illinois,Female, <10 ,,,,
2009,Midwest,Indiana,Total, 135 ,,,,
2009,Midwest,Indiana,Male, 130–140 ,,,,
2009,Midwest,Indiana,Female, <10 ,,,,
2009,Midwest,Iowa,Total, 73 ,,,,
2009,Midwest,Iowa,Male, 70–80 ,,,,
2009,Midwest,Iowa,Female, <10 ,,,,
2009,Midwest,Kansas,Total, 72 ,,,,
2009,Midwest,Kansas,Male, 60–70 ,,,,
2009,Midwest,Kansas,Female, <10 ,,,,
2009,Midwest,Michigan,Total, 211 ,,,,
2009,Midwest,Michigan,Male, 200–210 ,,,,
2009,Midwest,Michigan,Female, <10 ,,,,
2009,Midwest,Minnesota,Total, 96 ,,,,
2009,Midwest,Minnesota,Male, 90–100 ,,,,
2009,Midwest,Minnesota,Female, <10 ,,,,
2009,Midwest,Missouri,Total, 167 ,,,,
2009,Midwest,Missouri,Male, 150–160 ,,,,
2009,Midwest,Missouri,Female, <10 ,,,,
2009,Midwest,Nebraska,Total, 43 ,,,,
2009,Midwest,Nebraska,Male, 40–50 ,,,,
2009,Midwest,Nebraska,Female, <10 ,,,,
2009,Midwest,North Dakota,Total, 11 ,,,,
2009,Midwest,North Dakota,Male, 10–20 ,,,,
2009,Midwest,North Dakota,Female, <10 ,,,,
2009,Midwest,Ohio,Total, 206 ,,,,
2009,Midwest,Ohio,Male, 190–200 ,,,,
2009,Midwest,Ohio,Female, <10 ,,,,
2009,Midwest,South Dakota,Total, 28 ,,,,
2009,Midwest,South Dakota,Male, 20–30 ,,,,
2009,Midwest,South Dakota,Female, <10 ,,,,
2009,Midwest,Wisconsin,Total, 131 ,,,,
2009,Midwest,Wisconsin,Male, 120–130 ,,,,
2009,Midwest,Wisconsin,Female, <10 ,,,,
2009,South,Alabama,Total, 152 ,,,,
2009,South,Alabama,Male, 140–150 ,,,,
2009,South,Alabama,Female, <10 ,,,,
2009,South,Arkansas,Total, 77 ,,,,
2009,South,Arkansas,Male, 70–80 ,,,,
2009,South,Arkansas,Female, <10 ,,,,
2009,South,Delaware,Total, 13 ,,,,
2009,South,Delaware,Male, 10–20 ,,,,
2009,South,Delaware,Female, <10 ,,,,
2009,South,District of Columbia,Total, <10 ,,,,
2009,South,District of Columbia,Male, <10 ,,,,
2009,South,District of Columbia,Female, <10 ,,,,
2009,South,Florida,Total, 550 ,,,,
2009,South,Florida,Male, 535 ,,,,
2009,South,Florida,Female, 15 ,,,,
2009,South,Georgia,Total, 209 ,,,,
2009,South,Georgia,Male, 199 ,,,,
2009,South,Georgia,Female, 10 ,,,,
2009,South,Kentucky,Total, 101 ,,,,
2009,South,Kentucky,Male, 90–100 ,,,,
2009,South,Kentucky,Female, <10 ,,,,
2009,South,Louisiana,Total, 90 ,,,,
2009,South,Louisiana,Male, 80–90 ,,,,
2009,South,Louisiana,Female, <10 ,,,,
2009,South,Maryland,Total, 84 ,,,,
2009,South,Maryland,Male, 80–90 ,,,,
2009,South,Maryland,Female, <10 ,,,,
2009,South,Mississippi,Total, 74 ,,,,
2009,South,Mississippi,Male, 70–80 ,,,,
2009,South,Mississippi,Female, <10 ,,,,
2009,South,North Carolina,Total, 178 ,,,,
2009,South,North Carolina,Male, 170–180 ,,,,
2009,South,North Carolina,Female, <10 ,,,,
2009,South,Oklahoma,Total, 104 ,,,,
2009,South,Oklahoma,Male, 90–100 ,,,,
2009,South,Oklahoma,Female, <10 ,,,,
2009,South,South Carolina,Total, 123 ,,,,
2009,South,South Carolina,Male, 110–120 ,,,,
2009,South,South Carolina,Female, <10 ,,,,
2009,South,Tennessee,Total, 175 ,,,,
2009,South,Tennessee,Male, 160–170 ,,,,
2009,South,Tennessee,Female, <10 ,,,,
2009,South,Texas,Total, 456 ,,,,
2009,South,Texas,Male, 435 ,,,,
2009,South,Texas,Female, 21 ,,,,
2009,South,Virginia,Total, 181 ,,,,
2009,South,Virginia,Male, 170–180 ,,,,
2009,South,Virginia,Female, <10 ,,,,
2009,South,West Virginia,Total, 50 ,,,,
2009,South,West Virginia,Male, 40–50 ,,,,
2009,South,West Virginia,Female, <10 ,,,,
2009,West,Alaska,Total, 30 ,,,,
2009,West,Alaska,Male, 20–30 ,,,,
2009,West,Alaska,Female, <10 ,,,,
2009,West,Arizona,Total, 206 ,,,,
2009,West,Arizona,Male, 196 ,,,,
2009,West,Arizona,Female, 10 ,,,,
2009,West,California,Total, 589 ,,,,
2009,West,California,Male, 563 ,,,,
2009,West,California,Female, 26 ,,,,
2009,West,Colorado,Total, 177 ,,,,
2009,West,Colorado,Male, 160–170 ,,,,
2009,West,Colorado,Female, <10 ,,,,
2009,West,Hawaii,Total, 22 ,,,,
2009,West,Hawaii,Male, 20–30 ,,,,
2009,West,Hawaii,Female, <10 ,,,,
2009,West,Idaho,Total, 61 ,,,,
2009,West,Idaho,Male, 50–60 ,,,,
2009,West,Idaho,Female, <10 ,,,,
2009,West,Montana,Total, 51 ,,,,
2009,West,Montana,Male, 40–50 ,,,,
2009,West,Montana,Female, <10 ,,,,
2009,West,Nevada,Total, 102 ,,,,
2009,West,Nevada,Male, 90–100 ,,,,
2009,West,Nevada,Female, <10 ,,,,
2009,West,New Mexico,Total, 79 ,,,,
2009,West,New Mexico,Male, 70–80 ,,,,
2009,West,New Mexico,Female, <10 ,,,,
2009,West,Oregon,Total, 121 ,,,,
2009,West,Oregon,Male, 110–120 ,,,,
2009,West,Oregon,Female, <10 ,,,,
2009,West,Utah,Total, 65 ,,,,
2009,West,Utah,Male, 60–70 ,,,,
2009,West,Utah,Female, <10 ,,,,
2009,West,Washington,Total, 198 ,,,,
2009,West,Washington,Male, 180–190 ,,,,
2009,West,Washington,Female, <10 ,,,,
2009,West,Wyoming,Total, 22 ,,,,
2009,West,Wyoming,Male, 20–30 ,,,,
2009,West,Wyoming,Female, <10 ,,,,
2010, ,Total U.S.,Total," 6,472 ",,,,
2010, ,Total U.S.,Male," 6,244 ",,,,
2010, ,Total U.S.,Female, 228 ,,,,
2010,Northeast,Connecticut,Total, 47 ,,,,
2010,Northeast,Connecticut,Male, 40–50 ,,,,
2010,Northeast,Connecticut,Female, <10 ,,,,
2010,Northeast,Maine,Total, 47 ,,,,
2010,Northeast,Maine,Male, 40–50 ,,,,
2010,Northeast,Maine,Female, <10 ,,,,
2010,Northeast,Massachusetts,Total, 95 ,,,,
2010,Northeast,Massachusetts,Male, 90–100 ,,,,
2010,Northeast,Massachusetts,Female, <10 ,,,,
2010,Northeast,New Hampshire,Total, 33 ,,,,
2010,Northeast,New Hampshire,Male, 20–30 ,,,,
2010,Northeast,New Hampshire,Female, <10 ,,,,
2010,Northeast,New Jersey,Total, 78 ,,,,
2010,Northeast,New Jersey,Male, 70–80 ,,,,
2010,Northeast,New Jersey,Female, <10 ,,,,
2010,Northeast,New York,Total, 194 ,,,,
2010,Northeast,New York,Male, 180–190 ,,,,
2010,Northeast,New York,Female, <10 ,,,,
2010,Northeast,Pennsylvania,Total, 266 ,,,,
2010,Northeast,Pennsylvania,Male, 250–260 ,,,,
2010,Northeast,Pennsylvania,Female, <10 ,,,,
2010,Northeast,Rhode Island,Total, 17 ,,,,
2010,Northeast,Rhode Island,Male, 10–20 ,,,,
2010,Northeast,Rhode Island,Female, <10 ,,,,
2010,Northeast,Vermont,Total, 18 ,,,,
2010,Northeast,Vermont,Male, 10–20 ,,,,
2010,Northeast,Vermont,Female, <10 ,,,,
2010,Midwest,Illinois,Total, 171 ,,,,
2010,Midwest,Illinois,Male, 160–170 ,,,,
2010,Midwest,Illinois,Female, <10 ,,,,
2010,Midwest,Indiana,Total, 135 ,,,,
2010,Midwest,Indiana,Male, 130–140 ,,,,
2010,Midwest,Indiana,Female, <10 ,,,,
2010,Midwest,Iowa,Total, 73 ,,,,
2010,Midwest,Iowa,Male, 60–70 ,,,,
2010,Midwest,Iowa,Female, <10 ,,,,
2010,Midwest,Kansas,Total, 69 ,,,,
2010,Midwest,Kansas,Male, 60–70 ,,,,
2010,Midwest,Kansas,Female, <10 ,,,,
2010,Midwest,Michigan,Total, 188 ,,,,
2010,Midwest,Michigan,Male, 180–190 ,,,,
2010,Midwest,Michigan,Female, <10 ,,,,
2010,Midwest,Minnesota,Total, 93 ,,,,
2010,Midwest,Minnesota,Male, 80–90 ,,,,
2010,Midwest,Minnesota,Female, <10 ,,,,
2010,Midwest,Missouri,Total, 171 ,,,,
2010,Midwest,Missouri,Male, 160–170 ,,,,
2010,Midwest,Missouri,Female, <10 ,,,,
2010,Midwest,Nebraska,Total, 35 ,,,,
2010,Midwest,Nebraska,Male, 30–40 ,,,,
2010,Midwest,Nebraska,Female, <10 ,,,,
2010,Midwest,North Dakota,Total, 23 ,,,,
2010,Midwest,North Dakota,Male, 20–30 ,,,,
2010,Midwest,North Dakota,Female, <10 ,,,,
2010,Midwest,Ohio,Total, 270 ,,,,
2010,Midwest,Ohio,Male, 260–270 ,,,,
2010,Midwest,Ohio,Female, <10 ,,,,
2010,Midwest,South Dakota,Total, 19 ,,,,
2010,Midwest,South Dakota,Male, 10–20 ,,,,
2010,Midwest,South Dakota,Female, <10 ,,,,
2010,Midwest,Wisconsin,Total, 142 ,,,,
2010,Midwest,Wisconsin,Male, 130–140 ,,,,
2010,Midwest,Wisconsin,Female, <10 ,,,,
2010,South,Alabama,Total, 124 ,,,,
2010,South,Alabama,Male, 120–130 ,,,,
2010,South,Alabama,Female, <10 ,,,,
2010,South,Arkansas,Total, 86 ,,,,
2010,South,Arkansas,Male, 80–90 ,,,,
2010,South,Arkansas,Female, <10 ,,,,
2010,South,Delaware,Total, 14 ,,,,
2010,South,Delaware,Male, 10–20 ,,,,
2010,South,Delaware,Female, <10 ,,,,
2010,South,District of Columbia,Total, <10 ,,,,
2010,South,District of Columbia,Male, <10 ,,,,
2010,South,District of Columbia,Female, <10 ,,,,
2010,South,Florida,Total, 559 ,,,,
2010,South,Florida,Male, 541 ,,,,
2010,South,Florida,Female, 18 ,,,,
2010,South,Georgia,Total, 187 ,,,,
2010,South,Georgia,Male, 177 ,,,,
2010,South,Georgia,Female, 10 ,,,,
2010,South,Kentucky,Total, 109 ,,,,
2010,South,Kentucky,Male, 100–110 ,,,,
2010,South,Kentucky,Female, <10 ,,,,
2010,South,Louisiana,Total, 105 ,,,,
2010,South,Louisiana,Male, 100–110 ,,,,
2010,South,Louisiana,Female, <10 ,,,,
2010,South,Maryland,Total, 80 ,,,,
2010,South,Maryland,Male, 70–80 ,,,,
2010,South,Maryland,Female, <10 ,,,,
2010,South,Mississippi,Total, 77 ,,,,
2010,South,Mississippi,Male, 70–80 ,,,,
2010,South,Mississippi,Female, <10 ,,,,
2010,South,North Carolina,Total, 193 ,,,,
2010,South,North Carolina,Male, 180–190 ,,,,
2010,South,North Carolina,Female, <10 ,,,,
2010,South,Oklahoma,Total, 115 ,,,,
2010,South,Oklahoma,Male, 110–120 ,,,,
2010,South,Oklahoma,Female, <10 ,,,,
2010,South,South Carolina,Total, 118 ,,,,
2010,South,South Carolina,Male, 110–120 ,,,,
2010,South,South Carolina,Female, <10 ,,,,
2010,South,Tennessee,Total, 140 ,,,,
2010,South,Tennessee,Male, 130–140 ,,,,
2010,South,Tennessee,Female, <10 ,,,,
2010,South,Texas,Total, 493 ,,,,
2010,South,Texas,Male, 474 ,,,,
2010,South,Texas,Female, 19 ,,,,
2010,South,Virginia,Total, 169 ,,,,
2010,South,Virginia,Male, 160–170 ,,,,
2010,South,Virginia,Female, <10 ,,,,
2010,South,West Virginia,Total, 59 ,,,,
2010,South,West Virginia,Male, 50–60 ,,,,
2010,South,West Virginia,Female, <10 ,,,,
2010,West,Alaska,Total, 26 ,,,,
2010,West,Alaska,Male, 20–30 ,,,,
2010,West,Alaska,Female, <10 ,,,,
2010,West,Arizona,Total, 197 ,,,,
2010,West,Arizona,Male, 180–190 ,,,,
2010,West,Arizona,Female, <10 ,,,,
2010,West,California,Total, 561 ,,,,
2010,West,California,Male, 534 ,,,,
2010,West,California,Female, 27 ,,,,
2010,West,Colorado,Total, 141 ,,,,
2010,West,Colorado,Male, 130–140 ,,,,
2010,West,Colorado,Female, <10 ,,,,
2010,West,Hawaii,Total, 20 ,,,,
2010,West,Hawaii,Male, 10–20 ,,,,
2010,West,Hawaii,Female, <10 ,,,,
2010,West,Idaho,Total, 59 ,,,,
2010,West,Idaho,Male, 50–60 ,,,,
2010,West,Idaho,Female, <10 ,,,,
2010,West,Montana,Total, 58 ,,,,
2010,West,Montana,Male, 50–60 ,,,,
2010,West,Montana,Female, <10 ,,,,
2010,West,Nevada,Total, 119 ,,,,
2010,West,Nevada,Male, 110–120 ,,,,
2010,West,Nevada,Female, <10 ,,,,
2010,West,New Mexico,Total, 70 ,,,,
2010,West,New Mexico,Male, 60–70 ,,,,
2010,West,New Mexico,Female, <10 ,,,,
2010,West,Oregon,Total, 135 ,,,,
2010,West,Oregon,Male, 130–140 ,,,,
2010,West,Oregon,Female, <10 ,,,,
2010,West,Utah,Total, 65 ,,,,
2010,West,Utah,Male, 60–70 ,,,,
2010,West,Utah,Female, <10 ,,,,
2010,West,Washington,Total, 176 ,,,,
2010,West,Washington,Male, 164 ,,,,
2010,West,Washington,Female, 12 ,,,,
2010,West,Wyoming,Total, 27 ,,,,
2010,West,Wyoming,Male, 20–30 ,,,,
2010,West,Wyoming,Female, <10 ,,,,
2011, ,Total U.S.,Total," 6,375 ",,,,
2011, ,Total U.S.,Male," 6,127 ",,,,
2011, ,Total U.S.,Female, 248 ,,,,
2011,Northeast,Connecticut,Total, 55 ,,,,
2011,Northeast,Connecticut,Male, 50–60 ,,,,
2011,Northeast,Connecticut,Female, <10 ,,,,
2011,Northeast,Maine,Total, 49 ,,,,
2011,Northeast,Maine,Male, 40–50 ,,,,
2011,Northeast,Maine,Female, <10 ,,,,
2011,Northeast,Massachusetts,Total, 70 ,,,,
2011,Northeast,Massachusetts,Male, 60–70 ,,,,
2011,Northeast,Massachusetts,Female, <10 ,,,,
2011,Northeast,New Hampshire,Total, 32 ,,,,
2011,Northeast,New Hampshire,Male, 30–40 ,,,,
2011,Northeast,New Hampshire,Female, <10 ,,,,
2011,Northeast,New Jersey,Total, 72 ,,,,
2011,Northeast,New Jersey,Male, 60–70 ,,,,
2011,Northeast,New Jersey,Female, <10 ,,,,
2011,Northeast,New York,Total, 228 ,,,,
2011,Northeast,New York,Male, 218 ,,,,
2011,Northeast,New York,Female, 10 ,,,,
2011,Northeast,Pennsylvania,Total, 271 ,,,,
2011,Northeast,Pennsylvania,Male, 260 ,,,,
2011,Northeast,Pennsylvania,Female, 11 ,,,,
2011,Northeast,Rhode Island,Total, 17 ,,,,
2011,Northeast,Rhode Island,Male, 10–20 ,,,,
2011,Northeast,Rhode Island,Female, <10 ,,,,
2011,Northeast,Vermont,Total, 30 ,,,,
2011,Northeast,Vermont,Male, 20–30 ,,,,
2011,Northeast,Vermont,Female, <10 ,,,,
2011,Midwest,Illinois,Total, 156 ,,,,
2011,Midwest,Illinois,Male, 150–160 ,,,,
2011,Midwest,Illinois,Female, <10 ,,,,
2011,Midwest,Indiana,Total, 131 ,,,,
2011,Midwest,Indiana,Male, 120–130 ,,,,
2011,Midwest,Indiana,Female, <10 ,,,,
2011,Midwest,Iowa,Total, 78 ,,,,
2011,Midwest,Iowa,Male, 70–80 ,,,,
2011,Midwest,Iowa,Female, <10 ,,,,
2011,Midwest,Kansas,Total, 59 ,,,,
2011,Midwest,Kansas,Male, 50–60 ,,,,
2011,Midwest,Kansas,Female, <10 ,,,,
2011,Midwest,Michigan,Total, 191 ,,,,
2011,Midwest,Michigan,Male, 180–190 ,,,,
2011,Midwest,Michigan,Female, <10 ,,,,
2011,Midwest,Minnesota,Total, 109 ,,,,
2011,Midwest,Minnesota,Male, 100–110 ,,,,
2011,Midwest,Minnesota,Female, <10 ,,,,
2011,Midwest,Missouri,Total, 142 ,,,,
2011,Midwest,Missouri,Male, 130–140 ,,,,
2011,Midwest,Missouri,Female, <10 ,,,,
2011,Midwest,Nebraska,Total, 39 ,,,,
2011,Midwest,Nebraska,Male, 30–40 ,,,,
2011,Midwest,Nebraska,Female, <10 ,,,,
2011,Midwest,North Dakota,Total, 22 ,,,,
2011,Midwest,North Dakota,Male, 20–30 ,,,,
2011,Midwest,North Dakota,Female, <10 ,,,,
2011,Midwest,Ohio,Total, 246 ,,,,
2011,Midwest,Ohio,Male, 230–240 ,,,,
2011,Midwest,Ohio,Female, <10 ,,,,
2011,Midwest,South Dakota,Total, 23 ,,,,
2011,Midwest,South Dakota,Male, 10–20 ,,,,
2011,Midwest,South Dakota,Female, <10 ,,,,
2011,Midwest,Wisconsin,Total, 108 ,,,,
2011,Midwest,Wisconsin,Male, 100–110 ,,,,
2011,Midwest,Wisconsin,Female, <10 ,,,,
2011,South,Alabama,Total, 127 ,,,,
2011,South,Alabama,Male, 120–130 ,,,,
2011,South,Alabama,Female, <10 ,,,,
2011,South,Arkansas,Total, 83 ,,,,
2011,South,Arkansas,Male, 80–90 ,,,,
2011,South,Arkansas,Female, <10 ,,,,
2011,South,Delaware,Total, 16 ,,,,
2011,South,Delaware,Male, 10–20 ,,,,
2011,South,Delaware,Female, <10 ,,,,
2011,South,District of Columbia,Total, <10 ,,,,
2011,South,District of Columbia,Male, <10 ,,,,
2011,South,District of Columbia,Female, <10 ,,,,
2011,South,Florida,Total, 541 ,,,,
2011,South,Florida,Male, 519 ,,,,
2011,South,Florida,Female, 22 ,,,,
2011,South,Georgia,Total, 191 ,,,,
2011,South,Georgia,Male, 180–190 ,,,,
2011,South,Georgia,Female, <10 ,,,,
2011,South,Kentucky,Total, 114 ,,,,
2011,South,Kentucky,Male, 100–110 ,,,,
2011,South,Kentucky,Female, <10 ,,,,
2011,South,Louisiana,Total, 82 ,,,,
2011,South,Louisiana,Male, 80–90 ,,,,
2011,South,Louisiana,Female, <10 ,,,,
2011,South,Maryland,Total, 89 ,,,,
2011,South,Maryland,Male, 80–90 ,,,,
2011,South,Maryland,Female, <10 ,,,,
2011,South,Mississippi,Total, 62 ,,,,
2011,South,Mississippi,Male, 50–60 ,,,,
2011,South,Mississippi,Female, <10 ,,,,
2011,South,North Carolina,Total, 199 ,,,,
2011,South,North Carolina,Male, 190–200 ,,,,
2011,South,North Carolina,Female, <10 ,,,,
2011,South,Oklahoma,Total, 125 ,,,,
2011,South,Oklahoma,Male, 120–130 ,,,,
2011,South,Oklahoma,Female, <10 ,,,,
2011,South,South Carolina,Total, 121 ,,,,
2011,South,South Carolina,Male, 110–120 ,,,,
2011,South,South Carolina,Female, <10 ,,,,
2011,South,Tennessee,Total, 160 ,,,,
2011,South,Tennessee,Male, 150–160 ,,,,
2011,South,Tennessee,Female, <10 ,,,,
2011,South,Texas,Total, 484 ,,,,
2011,South,Texas,Male, 455 ,,,,
2011,South,Texas,Female, 29 ,,,,
2011,South,Virginia,Total, 177 ,,,,
2011,South,Virginia,Male, 164 ,,,,
2011,South,Virginia,Female, 13 ,,,,
2011,South,West Virginia,Total, 60 ,,,,
2011,South,West Virginia,Male, 50–60 ,,,,
2011,South,West Virginia,Female, <10 ,,,,
2011,West,Alaska,Total, 19 ,,,,
2011,West,Alaska,Male, 10–20 ,,,,
2011,West,Alaska,Female, <10 ,,,,
2011,West,Arizona,Total, 202 ,,,,
2011,West,Arizona,Male, 190–200 ,,,,
2011,West,Arizona,Female, <10 ,,,,
2011,West,California,Total, 589 ,,,,
2011,West,California,Male, 563 ,,,,
2011,West,California,Female, 26 ,,,,
2011,West,Colorado,Total, 139 ,,,,
2011,West,Colorado,Male, 130–140 ,,,,
2011,West,Colorado,Female, <10 ,,,,
2011,West,Hawaii,Total, 24 ,,,,
2011,West,Hawaii,Male, 20–30 ,,,,
2011,West,Hawaii,Female, <10 ,,,,
2011,West,Idaho,Total, 58 ,,,,
2011,West,Idaho,Male, 50–60 ,,,,
2011,West,Idaho,Female, <10 ,,,,
2011,West,Montana,Total, 58 ,,,,
2011,West,Montana,Male, 50–60 ,,,,
2011,West,Montana,Female, <10 ,,,,
2011,West,Nevada,Total, 81 ,,,,
2011,West,Nevada,Male, 70–80 ,,,,
2011,West,Nevada,Female, <10 ,,,,
2011,West,New Mexico,Total, 70 ,,,,
2011,West,New Mexico,Male, 60–70 ,,,,
2011,West,New Mexico,Female, <10 ,,,,
2011,West,Oregon,Total, 135 ,,,,
2011,West,Oregon,Male, 130–140 ,,,,
2011,West,Oregon,Female, <10 ,,,,
2011,West,Utah,Total, 53 ,,,,
2011,West,Utah,Male, 50–60 ,,,,
2011,West,Utah,Female, <10 ,,,,
2011,West,Washington,Total, 161 ,,,,
2011,West,Washington,Male, 150 ,,,,
2011,West,Washington,Female, 11 ,,,,
2011,West,Wyoming,Total, 24 ,,,,
2011,West,Wyoming,Male, 20–30 ,,,,
2011,West,Wyoming,Female, <10 ,,,,
2012, ,Total U.S.,Total," 6,383 ",,,,
2012, ,Total U.S.,Male," 6,146 ",,,,
2012, ,Total U.S.,Female, 237 ,,,,
2012,Northeast,Connecticut,Total, 43 ,,,,
2012,Northeast,Connecticut,Male, 40–50 ,,,,
2012,Northeast,Connecticut,Female, <10 ,,,,
2012,Northeast,Maine,Total, 37 ,,,,
2012,Northeast,Maine,Male, 30–40 ,,,,
2012,Northeast,Maine,Female, <10 ,,,,
2012,Northeast,Massachusetts,Total, 70 ,,,,
2012,Northeast,Massachusetts,Male, 60–70 ,,,,
2012,Northeast,Massachusetts,Female, <10 ,,,,
2012,Northeast,New Hampshire,Total, 33 ,,,,
2012,Northeast,New Hampshire,Male, 30–40 ,,,,
2012,Northeast,New Hampshire,Female, <10 ,,,,
2012,Northeast,New Jersey,Total, 67 ,,,,
2012,Northeast,New Jersey,Male, 60–70 ,,,,
2012,Northeast,New Jersey,Female, <10 ,,,,
2012,Northeast,New York,Total, 193 ,,,,
2012,Northeast,New York,Male, 190–200 ,,,,
2012,Northeast,New York,Female, <10 ,,,,
2012,Northeast,Pennsylvania,Total, 269 ,,,,
2012,Northeast,Pennsylvania,Male, 260–270 ,,,,
2012,Northeast,Pennsylvania,Female, <10 ,,,,
2012,Northeast,Rhode Island,Total, 13 ,,,,
2012,Northeast,Rhode Island,Male, 10–20 ,,,,
2012,Northeast,Rhode Island,Female, <10 ,,,,
2012,Northeast,Vermont,Total, <10 ,,,,
2012,Northeast,Vermont,Male, <10 ,,,,
2012,Northeast,Vermont,Female, <10 ,,,,
2012,Midwest,Illinois,Total, 181 ,,,,
2012,Midwest,Illinois,Male, 170–180 ,,,,
2012,Midwest,Illinois,Female, <10 ,,,,
2012,Midwest,Indiana,Total, 155 ,,,,
2012,Midwest,Indiana,Male, 140–150 ,,,,
2012,Midwest,Indiana,Female, <10 ,,,,
2012,Midwest,Iowa,Total, 54 ,,,,
2012,Midwest,Iowa,Male, 50–60 ,,,,
2012,Midwest,Iowa,Female, <10 ,,,,
2012,Midwest,Kansas,Total, 72 ,,,,
2012,Midwest,Kansas,Male, 70–80 ,,,,
2012,Midwest,Kansas,Female, <10 ,,,,
2012,Midwest,Michigan,Total, 166 ,,,,
2012,Midwest,Michigan,Male, 160–170 ,,,,
2012,Midwest,Michigan,Female, <10 ,,,,
2012,Midwest,Minnesota,Total, 117 ,,,,
2012,Midwest,Minnesota,Male, 110–120 ,,,,
2012,Midwest,Minnesota,Female, <10 ,,,,
2012,Midwest,Missouri,Total, 172 ,,,,
2012,Midwest,Missouri,Male, 160–170 ,,,,
2012,Midwest,Missouri,Female, <10 ,,,,
2012,Midwest,Nebraska,Total, 43 ,,,,
2012,Midwest,Nebraska,Male, 40–50 ,,,,
2012,Midwest,Nebraska,Female, <10 ,,,,
2012,Midwest,North Dakota,Total, 17 ,,,,
2012,Midwest,North Dakota,Male, 10–20 ,,,,
2012,Midwest,North Dakota,Female, <10 ,,,,
2012,Midwest,Ohio,Total, 259 ,,,,
2012,Midwest,Ohio,Male, 250–260 ,,,,
2012,Midwest,Ohio,Female, <10 ,,,,
2012,Midwest,South Dakota,Total, 19 ,,,,
2012,Midwest,South Dakota,Male, 10–20 ,,,,
2012,Midwest,South Dakota,Female, <10 ,,,,
2012,Midwest,Wisconsin,Total, 103 ,,,,
2012,Midwest,Wisconsin,Male, 90–100 ,,,,
2012,Midwest,Wisconsin,Female, <10 ,,,,
2012,South,Alabama,Total, 125 ,,,,
2012,South,Alabama,Male, 110–120 ,,,,
2012,South,Alabama,Female, <10 ,,,,
2012,South,Arkansas,Total, 85 ,,,,
2012,South,Arkansas,Male, 74 ,,,,
2012,South,Arkansas,Female, 11 ,,,,
2012,South,Delaware,Total, 19 ,,,,
2012,South,Delaware,Male, 10–20 ,,,,
2012,South,Delaware,Female, <10 ,,,,
2012,South,District of Columbia,Total, <10 ,,,,
2012,South,District of Columbia,Male, <10 ,,,,
2012,South,District of Columbia,Female, <10 ,,,,
2012,South,Florida,Total, 533 ,,,,
2012,South,Florida,Male, 507 ,,,,
2012,South,Florida,Female, 26 ,,,,
2012,South,Georgia,Total, 189 ,,,,
2012,South,Georgia,Male, 178 ,,,,
2012,South,Georgia,Female, 11 ,,,,
2012,South,Kentucky,Total, 116 ,,,,
2012,South,Kentucky,Male, 100–110 ,,,,
2012,South,Kentucky,Female, <10 ,,,,
2012,South,Louisiana,Total, 86 ,,,,
2012,South,Louisiana,Male, 80–90 ,,,,
2012,South,Louisiana,Female, <10 ,,,,
2012,South,Maryland,Total, 93 ,,,,
2012,South,Maryland,Male, 90–100 ,,,,
2012,South,Maryland,Female, <10 ,,,,
2012,South,Mississippi,Total, 71 ,,,,
2012,South,Mississippi,Male, 60–70 ,,,,
2012,South,Mississippi,Female, <10 ,,,,
2012,South,North Carolina,Total, 187 ,,,,
2012,South,North Carolina,Male, 170–180 ,,,,
2012,South,North Carolina,Female, <10 ,,,,
2012,South,Oklahoma,Total, 111 ,,,,
2012,South,Oklahoma,Male, 100–110 ,,,,
2012,South,Oklahoma,Female, <10 ,,,,
2012,South,South Carolina,Total, 121 ,,,,
2012,South,South Carolina,Male, 110–120 ,,,,
2012,South,South Carolina,Female, <10 ,,,,
2012,South,Tennessee,Total, 168 ,,,,
2012,South,Tennessee,Male, 160–170 ,,,,
2012,South,Tennessee,Female, <10 ,,,,
2012,South,Texas,Total, 486 ,,,,
2012,South,Texas,Male, 468 ,,,,
2012,South,Texas,Female, 18 ,,,,
2012,South,Virginia,Total, 185 ,,,,
2012,South,Virginia,Male, 170–180 ,,,,
2012,South,Virginia,Female, <10 ,,,,
2012,South,West Virginia,Total, 63 ,,,,
2012,South,West Virginia,Male, 50–60 ,,,,
2012,South,West Virginia,Female, <10 ,,,,
2012,West,Alaska,Total, 22 ,,,,
2012,West,Alaska,Male, 20–30 ,,,,
2012,West,Alaska,Female, <10 ,,,,
2012,West,Arizona,Total, 224 ,,,,
2012,West,Arizona,Male, 210–220 ,,,,
2012,West,Arizona,Female, <10 ,,,,
2012,West,California,Total, 539 ,,,,
2012,West,California,Male, 512 ,,,,
2012,West,California,Female, 27 ,,,,
2012,West,Colorado,Total, 162 ,,,,
2012,West,Colorado,Male, 150–160 ,,,,
2012,West,Colorado,Female, <10 ,,,,
2012,West,Hawaii,Total, 25 ,,,,
2012,West,Hawaii,Male, 20–30 ,,,,
2012,West,Hawaii,Female, <10 ,,,,
2012,West,Idaho,Total, 47 ,,,,
2012,West,Idaho,Male, 40–50 ,,,,
2012,West,Idaho,Female, <10 ,,,,
2012,West,Montana,Total, 52 ,,,,
2012,West,Montana,Male, 40–50 ,,,,
2012,West,Montana,Female, <10 ,,,,
2012,West,Nevada,Total, 95 ,,,,
2012,West,Nevada,Male, 90–100 ,,,,
2012,West,Nevada,Female, <10 ,,,,
2012,West,New Mexico,Total, 64 ,,,,
2012,West,New Mexico,Male, 60–70 ,,,,
2012,West,New Mexico,Female, <10 ,,,,
2012,West,Oregon,Total, 140 ,,,,
2012,West,Oregon,Male, 130–140 ,,,,
2012,West,Oregon,Female, <10 ,,,,
2012,West,Utah,Total, 68 ,,,,
2012,West,Utah,Male, 60–70 ,,,,
2012,West,Utah,Female, <10 ,,,,
2012,West,Washington,Total, 181 ,,,,
2012,West,Washington,Male, 170–180 ,,,,
2012,West,Washington,Female, <10 ,,,,
2012,West,Wyoming,Total, 30 ,,,,
2012,West,Wyoming,Male, 20–30 ,,,,
2012,West,Wyoming,Female, <10 ,,,,
2013, ,Total U.S.,Total," 6,443 ",,,,
2013, ,Total U.S.,Male," 6,192 ",,,,
2013, ,Total U.S.,Female, 251 ,,,,
2013,Northeast,Connecticut,Total, 33 ,,,,
2013,Northeast,Connecticut,Male, 30–40 ,,,,
2013,Northeast,Connecticut,Female, <10 ,,,,
2013,Northeast,Maine,Total, 47 ,,,,
2013,Northeast,Maine,Male, 40–50 ,,,,
2013,Northeast,Maine,Female, <10 ,,,,
2013,Northeast,Massachusetts,Total, 57 ,,,,
2013,Northeast,Massachusetts,Male, 50–60 ,,,,
2013,Northeast,Massachusetts,Female, <10 ,,,,
2013,Northeast,New Hampshire,Total, 26 ,,,,
2013,Northeast,New Hampshire,Male, 20–30 ,,,,
2013,Northeast,New Hampshire,Female, <10 ,,,,
2013,Northeast,New Jersey,Total, 99 ,,,,
2013,Northeast,New Jersey,Male, 90–100 ,,,,
2013,Northeast,New Jersey,Female, <10 ,,,,
2013,Northeast,New York,Total, 193 ,,,,
2013,Northeast,New York,Male, 180–190 ,,,,
2013,Northeast,New York,Female, <10 ,,,,
2013,Northeast,Pennsylvania,Total, 285 ,,,,
2013,Northeast,Pennsylvania,Male, 270–280 ,,,,
2013,Northeast,Pennsylvania,Female, <10 ,,,,
2013,Northeast,Rhode Island,Total, 18 ,,,,
2013,Northeast,Rhode Island,Male, 10–20 ,,,,
2013,Northeast,Rhode Island,Female, <10 ,,,,
2013,Northeast,Vermont,Total, 12 ,,,,
2013,Northeast,Vermont,Male, 10–20 ,,,,
2013,Northeast,Vermont,Female, <10 ,,,,
2013,Midwest,Illinois,Total, 171 ,,,,
2013,Midwest,Illinois,Male, 160–170 ,,,,
2013,Midwest,Illinois,Female, <10 ,,,,
2013,Midwest,Indiana,Total, 151 ,,,,
2013,Midwest,Indiana,Male, 140–150 ,,,,
2013,Midwest,Indiana,Female, <10 ,,,,
2013,Midwest,Iowa,Total, 65 ,,,,
2013,Midwest,Iowa,Male, 60–70 ,,,,
2013,Midwest,Iowa,Female, <10 ,,,,
2013,Midwest,Kansas,Total, 71 ,,,,
2013,Midwest,Kansas,Male, 60–70 ,,,,
2013,Midwest,Kansas,Female, <10 ,,,,
2013,Midwest,Michigan,Total, 182 ,,,,
2013,Midwest,Michigan,Male, 170–180 ,,,,
2013,Midwest,Michigan,Female, <10 ,,,,
2013,Midwest,Minnesota,Total, 95 ,,,,
2013,Midwest,Minnesota,Male, 80–90 ,,,,
2013,Midwest,Minnesota,Female, <10 ,,,,
2013,Midwest,Missouri,Total, 198 ,,,,
2013,Midwest,Missouri,Male, 187 ,,,,
2013,Midwest,Missouri,Female, 11 ,,,,
2013,Midwest,Nebraska,Total, 36 ,,,,
2013,Midwest,Nebraska,Male, 30–40 ,,,,
2013,Midwest,Nebraska,Female, <10 ,,,,
2013,Midwest,North Dakota,Total, 16 ,,,,
2013,Midwest,North Dakota,Male, 10–20 ,,,,
2013,Midwest,North Dakota,Female, <10 ,,,,
2013,Midwest,Ohio,Total, 230 ,,,,
2013,Midwest,Ohio,Male, 220–230 ,,,,
2013,Midwest,Ohio,Female, <10 ,,,,
2013,Midwest,South Dakota,Total, 19 ,,,,
2013,Midwest,South Dakota,Male, 10–20 ,,,,
2013,Midwest,South Dakota,Female, <10 ,,,,
2013,Midwest,Wisconsin,Total, 127 ,,,,
2013,Midwest,Wisconsin,Male, 120–130 ,,,,
2013,Midwest,Wisconsin,Female, <10 ,,,,
2013,South,Alabama,Total, 131 ,,,,
2013,South,Alabama,Male, 120–130 ,,,,
2013,South,Alabama,Female, <10 ,,,,
2013,South,Arkansas,Total, 98 ,,,,
2013,South,Arkansas,Male, 90–100 ,,,,
2013,South,Arkansas,Female, <10 ,,,,
2013,South,Delaware,Total, 18 ,,,,
2013,South,Delaware,Male, 10–20 ,,,,
2013,South,Delaware,Female, <10 ,,,,
2013,South,District of Columbia,Total, <10 ,,,,
2013,South,District of Columbia,Male, <10 ,,,,
2013,South,District of Columbia,Female, <10 ,,,,
2013,South,Florida,Total, 545 ,,,,
2013,South,Florida,Male, 528 ,,,,
2013,South,Florida,Female, 17 ,,,,
2013,South,Georgia,Total, 177 ,,,,
2013,South,Georgia,Male, 160–170 ,,,,
2013,South,Georgia,Female, <10 ,,,,
2013,South,Kentucky,Total, 117 ,,,,
2013,South,Kentucky,Male, 110–120 ,,,,
2013,South,Kentucky,Female, <10 ,,,,
2013,South,Louisiana,Total, 86 ,,,,
2013,South,Louisiana,Male, 80–90 ,,,,
2013,South,Louisiana,Female, <10 ,,,,
2013,South,Maryland,Total, 82 ,,,,
2013,South,Maryland,Male, 70–80 ,,,,
2013,South,Maryland,Female, <10 ,,,,
2013,South,Mississippi,Total, 49 ,,,,
2013,South,Mississippi,Male, 40–50 ,,,,
2013,South,Mississippi,Female, <10 ,,,,
2013,South,North Carolina,Total, 209 ,,,,
2013,South,North Carolina,Male, 190–200 ,,,,
2013,South,North Carolina,Female, <10 ,,,,
2013,South,Oklahoma,Total, 113 ,,,,
2013,South,Oklahoma,Male, 110–120 ,,,,
2013,South,Oklahoma,Female, <10 ,,,,
2013,South,South Carolina,Total, 126 ,,,,
2013,South,South Carolina,Male, 120–130 ,,,,
2013,South,South Carolina,Female, <10 ,,,,
2013,South,Tennessee,Total, 172 ,,,,
2013,South,Tennessee,Male, 160–170 ,,,,
2013,South,Tennessee,Female, <10 ,,,,
2013,South,Texas,Total, 490 ,,,,
2013,South,Texas,Male, 471 ,,,,
2013,South,Texas,Female, 19 ,,,,
2013,South,Virginia,Total, 188 ,,,,
2013,South,Virginia,Male, 170–180 ,,,,
2013,South,Virginia,Female, <10 ,,,,
2013,South,West Virginia,Total, 70 ,,,,
2013,South,West Virginia,Male, 60–70 ,,,,
2013,South,West Virginia,Female, <10 ,,,,
2013,West,Alaska,Total, 20 ,,,,
2013,West,Alaska,Male, 10–20 ,,,,
2013,West,Alaska,Female, <10 ,,,,
2013,West,Arizona,Total, 234 ,,,,
2013,West,Arizona,Male, 221 ,,,,
2013,West,Arizona,Female, 13 ,,,,
2013,West,California,Total, 526 ,,,,
2013,West,California,Male, 499 ,,,,
2013,West,California,Female, 27 ,,,,
2013,West,Colorado,Total, 154 ,,,,
2013,West,Colorado,Male, 140–150 ,,,,
2013,West,Colorado,Female, <10 ,,,,
2013,West,Hawaii,Total, 29 ,,,,
2013,West,Hawaii,Male, 20–30 ,,,,
2013,West,Hawaii,Female, <10 ,,,,
2013,West,Idaho,Total, 56 ,,,,
2013,West,Idaho,Male, 50–60 ,,,,
2013,West,Idaho,Female, <10 ,,,,
2013,West,Montana,Total, 29 ,,,,
2013,West,Montana,Male, 20–30 ,,,,
2013,West,Montana,Female, <10 ,,,,
2013,West,Nevada,Total, 111 ,,,,
2013,West,Nevada,Male, 100–110 ,,,,
2013,West,Nevada,Female, <10 ,,,,
2013,West,New Mexico,Total, 64 ,,,,
2013,West,New Mexico,Male, 50–60 ,,,,
2013,West,New Mexico,Female, <10 ,,,,
2013,West,Oregon,Total, 138 ,,,,
2013,West,Oregon,Male, 120–130 ,,,,
2013,West,Oregon,Female, <10 ,,,,
2013,West,Utah,Total, 66 ,,,,
2013,West,Utah,Male, 60–70 ,,,,
2013,West,Utah,Female, <10 ,,,,
2013,West,Washington,Total, 174 ,,,,
2013,West,Washington,Male, 164 ,,,,
2013,West,Washington,Female, 10 ,,,,
2013,West,Wyoming,Total, 31 ,,,,
2013,West,Wyoming,Male, 20–30 ,,,,
2013,West,Wyoming,Female, <10 ,,,,
2014, ,Total U.S.,Total," 6,587 ",,,,
2014, ,Total U.S.,Male," 6,295 ",,,,
2014, ,Total U.S.,Female, 292 ,,,,
2014,Northeast,Connecticut,Total, 44 ,,,,
2014,Northeast,Connecticut,Male, 30–40 ,,,,
2014,Northeast,Connecticut,Female, <10 ,,,,
2014,Northeast,Maine,Total, 49 ,,,,
2014,Northeast,Maine,Male, 40–50 ,,,,
2014,Northeast,Maine,Female, <10 ,,,,
2014,Northeast,Massachusetts,Total, 63 ,,,,
2014,Northeast,Massachusetts,Male, 60–70 ,,,,
2014,Northeast,Massachusetts,Female, <10 ,,,,
2014,Northeast,New Hampshire,Total, 34 ,,,,
2014,Northeast,New Hampshire,Male, 30–40 ,,,,
2014,Northeast,New Hampshire,Female, <10 ,,,,
2014,Northeast,New Jersey,Total, 83 ,,,,
2014,Northeast,New Jersey,Male, 70–80 ,,,,
2014,Northeast,New Jersey,Female, <10 ,,,,
2014,Northeast,New York,Total, 199 ,,,,
2014,Northeast,New York,Male, 190–200 ,,,,
2014,Northeast,New York,Female, <10 ,,,,
2014,Northeast,Pennsylvania,Total, 284 ,,,,
2014,Northeast,Pennsylvania,Male, 270–280 ,,,,
2014,Northeast,Pennsylvania,Female, <10 ,,,,
2014,Northeast,Rhode Island,Total, 14 ,,,,
2014,Northeast,Rhode Island,Male, 10–20 ,,,,
2014,Northeast,Rhode Island,Female, <10 ,,,,
2014,Northeast,Vermont,Total, 20 ,,,,
2014,Northeast,Vermont,Male, 10–20 ,,,,
2014,Northeast,Vermont,Female, <10 ,,,,
2014,Midwest,Illinois,Total, 181 ,,,,
2014,Midwest,Illinois,Male, 171 ,,,,
2014,Midwest,Illinois,Female, 10 ,,,,
2014,Midwest,Indiana,Total, 121 ,,,,
2014,Midwest,Indiana,Male, 110–120 ,,,,
2014,Midwest,Indiana,Female, <10 ,,,,
2014,Midwest,Iowa,Total, 72 ,,,,
2014,Midwest,Iowa,Male, 60–70 ,,,,
2014,Midwest,Iowa,Female, <10 ,,,,
2014,Midwest,Kansas,Total, 68 ,,,,
2014,Midwest,Kansas,Male, 60–70 ,,,,
2014,Midwest,Kansas,Female, <10 ,,,,
2014,Midwest,Michigan,Total, 202 ,,,,
2014,Midwest,Michigan,Male, 190–200 ,,,,
2014,Midwest,Michigan,Female, <10 ,,,,
2014,Midwest,Minnesota,Total, 96 ,,,,
2014,Midwest,Minnesota,Male, 90–100 ,,,,
2014,Midwest,Minnesota,Female, <10 ,,,,
2014,Midwest,Missouri,Total, 185 ,,,,
2014,Midwest,Missouri,Male, 170–180 ,,,,
2014,Midwest,Missouri,Female, <10 ,,,,
2014,Midwest,Nebraska,Total, 52 ,,,,
2014,Midwest,Nebraska,Male, 40–50 ,,,,
2014,Midwest,Nebraska,Female, <10 ,,,,
2014,Midwest,North Dakota,Total, 17 ,,,,
2014,Midwest,North Dakota,Male, 10–20 ,,,,
2014,Midwest,North Dakota,Female, <10 ,,,,
2014,Midwest,Ohio,Total, 234 ,,,,
2014,Midwest,Ohio,Male, 216 ,,,,
2014,Midwest,Ohio,Female, 18 ,,,,
2014,Midwest,South Dakota,Total, 24 ,,,,
2014,Midwest,South Dakota,Male, 20–30 ,,,,
2014,Midwest,South Dakota,Female, <10 ,,,,
2014,Midwest,Wisconsin,Total, 124 ,,,,
2014,Midwest,Wisconsin,Male, 110–120 ,,,,
2014,Midwest,Wisconsin,Female, <10 ,,,,
2014,South,Alabama,Total, 116 ,,,,
2014,South,Alabama,Male, 110–120 ,,,,
2014,South,Alabama,Female, <10 ,,,,
2014,South,Arkansas,Total, 90 ,,,,
2014,South,Arkansas,Male, 80–90 ,,,,
2014,South,Arkansas,Female, <10 ,,,,
2014,South,Delaware,Total, 22 ,,,,
2014,South,Delaware,Male, 20–30 ,,,,
2014,South,Delaware,Female, <10 ,,,,
2014,South,District of Columbia,Total, <10 ,,,,
2014,South,District of Columbia,Male, <10 ,,,,
2014,South,District of Columbia,Female, <10 ,,,,
2014,South,Florida,Total, 541 ,,,,
2014,South,Florida,Male, 516 ,,,,
2014,South,Florida,Female, 25 ,,,,
2014,South,Georgia,Total, 169 ,,,,
2014,South,Georgia,Male, 150–160 ,,,,
2014,South,Georgia,Female, <10 ,,,,
2014,South,Kentucky,Total, 129 ,,,,
2014,South,Kentucky,Male, 120–130 ,,,,
2014,South,Kentucky,Female, <10 ,,,,
2014,South,Louisiana,Total, 104 ,,,,
2014,South,Louisiana,Male, 100–110 ,,,,
2014,South,Louisiana,Female, <10 ,,,,
2014,South,Maryland,Total, 80 ,,,,
2014,South,Maryland,Male, 70–80 ,,,,
2014,South,Maryland,Female, <10 ,,,,
2014,South,Mississippi,Total, 61 ,,,,
2014,South,Mississippi,Male, 50–60 ,,,,
2014,South,Mississippi,Female, <10 ,,,,
2014,South,North Carolina,Total, 207 ,,,,
2014,South,North Carolina,Male, 197 ,,,,
2014,South,North Carolina,Female, 10 ,,,,
2014,South,Oklahoma,Total, 129 ,,,,
2014,South,Oklahoma,Male, 120–130 ,,,,
2014,South,Oklahoma,Female, <10 ,,,,
2014,South,South Carolina,Total, 116 ,,,,
2014,South,South Carolina,Male, 100–110 ,,,,
2014,South,South Carolina,Female, <10 ,,,,
2014,South,Tennessee,Total, 150 ,,,,
2014,South,Tennessee,Male, 140–150 ,,,,
2014,South,Tennessee,Female, <10 ,,,,
2014,South,Texas,Total, 476 ,,,,
2014,South,Texas,Male, 448 ,,,,
2014,South,Texas,Female, 28 ,,,,
2014,South,Virginia,Total, 176 ,,,,
2014,South,Virginia,Male, 160–170 ,,,,
2014,South,Virginia,Female, <10 ,,,,
2014,South,West Virginia,Total, 63 ,,,,
2014,South,West Virginia,Male, 50–60 ,,,,
2014,South,West Virginia,Female, <10 ,,,,
2014,West,Alaska,Total, 31 ,,,,
2014,West,Alaska,Male, 20–30 ,,,,
2014,West,Alaska,Female, <10 ,,,,
2014,West,Arizona,Total, 247 ,,,,
2014,West,Arizona,Male, 235 ,,,,
2014,West,Arizona,Female, 12 ,,,,
2014,West,California,Total, 615 ,,,,
2014,West,California,Male, 592 ,,,,
2014,West,California,Female, 23 ,,,,
2014,West,Colorado,Total, 168 ,,,,
2014,West,Colorado,Male, 160–170 ,,,,
2014,West,Colorado,Female, <10 ,,,,
2014,West,Hawaii,Total, 24 ,,,,
2014,West,Hawaii,Male, 20–30 ,,,,
2014,West,Hawaii,Female, <10 ,,,,
2014,West,Idaho,Total, 48 ,,,,
2014,West,Idaho,Male, 40–50 ,,,,
2014,West,Idaho,Female, <10 ,,,,
2014,West,Montana,Total, 49 ,,,,
2014,West,Montana,Male, 40–50 ,,,,
2014,West,Montana,Female, <10 ,,,,
2014,West,Nevada,Total, 106 ,,,,
2014,West,Nevada,Male, 100–110 ,,,,
2014,West,Nevada,Female, <10 ,,,,
2014,West,New Mexico,Total, 86 ,,,,
2014,West,New Mexico,Male, 70–80 ,,,,
2014,West,New Mexico,Female, <10 ,,,,
2014,West,Oregon,Total, 132 ,,,,
2014,West,Oregon,Male, 120–130 ,,,,
2014,West,Oregon,Female, <10 ,,,,
2014,West,Utah,Total, 73 ,,,,
2014,West,Utah,Male, 60–70 ,,,,
2014,West,Utah,Female, <10 ,,,,
2014,West,Washington,Total, 185 ,,,,
2014,West,Washington,Male, 170–180 ,,,,
2014,West,Washington,Female, <10 ,,,,
2014,West,Wyoming,Total, 23 ,,,,
2014,West,Wyoming,Male, 20–30 ,,,,
2014,West,Wyoming,Female, <10 ,,,,
2015, ,Total U.S.,Total," 6,554 ",,,,
2015, ,Total U.S.,Male," 6,250 ",,,,
2015, ,Total U.S.,Female, 304 ,,,,
2015,Northeast,Connecticut,Total, 45 ,,,,
2015,Northeast,Connecticut,Male, 40–50 ,,,,
2015,Northeast,Connecticut,Female, <10 ,,,,
2015,Northeast,Maine,Total, 53 ,,,,
2015,Northeast,Maine,Male, 50–60 ,,,,
2015,Northeast,Maine,Female, <10 ,,,,
2015,Northeast,Massachusetts,Total, 68 ,,,,
2015,Northeast,Massachusetts,Male, 60–70 ,,,,
2015,Northeast,Massachusetts,Female, <10 ,,,,
2015,Northeast,New Hampshire,Total, 32 ,,,,
2015,Northeast,New Hampshire,Male, 30–40 ,,,,
2015,Northeast,New Hampshire,Female, <10 ,,,,
2015,Northeast,New Jersey,Total, 75 ,,,,
2015,Northeast,New Jersey,Male, 70–80 ,,,,
2015,Northeast,New Jersey,Female, <10 ,,,,
2015,Northeast,New York,Total, 167 ,,,,
2015,Northeast,New York,Male, 157 ,,,,
2015,Northeast,New York,Female, 10 ,,,,
2015,Northeast,Pennsylvania,Total, 257 ,,,,
2015,Northeast,Pennsylvania,Male, 240–250 ,,,,
2015,Northeast,Pennsylvania,Female, <10 ,,,,
2015,Northeast,Rhode Island,Total, 15 ,,,,
2015,Northeast,Rhode Island,Male, 10–20 ,,,,
2015,Northeast,Rhode Island,Female, <10 ,,,,
2015,Northeast,Vermont,Total, 20 ,,,,
2015,Northeast,Vermont,Male, 10–20 ,,,,
2015,Northeast,Vermont,Female, <10 ,,,,
2015,Midwest,Illinois,Total, 161 ,,,,
2015,Midwest,Illinois,Male, 150–160 ,,,,
2015,Midwest,Illinois,Female, <10 ,,,,
2015,Midwest,Indiana,Total, 113 ,,,,
2015,Midwest,Indiana,Male, 100–110 ,,,,
2015,Midwest,Indiana,Female, <10 ,,,,
2015,Midwest,Iowa,Total, 68 ,,,,
2015,Midwest,Iowa,Male, 60–70 ,,,,
2015,Midwest,Iowa,Female, <10 ,,,,
2015,Midwest,Kansas,Total, 73 ,,,,
2015,Midwest,Kansas,Male, 60–70 ,,,,
2015,Midwest,Kansas,Female, <10 ,,,,
2015,Midwest,Michigan,Total, 192 ,,,,
2015,Midwest,Michigan,Male, 182 ,,,,
2015,Midwest,Michigan,Female, 10 ,,,,
2015,Midwest,Minnesota,Total, 81 ,,,,
2015,Midwest,Minnesota,Male, 70–80 ,,,,
2015,Midwest,Minnesota,Female, <10 ,,,,
2015,Midwest,Missouri,Total, 185 ,,,,
2015,Midwest,Missouri,Male, 170–180 ,,,,
2015,Midwest,Missouri,Female, <10 ,,,,
2015,Midwest,Nebraska,Total, 26 ,,,,
2015,Midwest,Nebraska,Male, 20–30 ,,,,
2015,Midwest,Nebraska,Female, <10 ,,,,
2015,Midwest,North Dakota,Total, 20 ,,,,
2015,Midwest,North Dakota,Male, 10–20 ,,,,
2015,Midwest,North Dakota,Female, <10 ,,,,
2015,Midwest,Ohio,Total, 238 ,,,,
2015,Midwest,Ohio,Male, 230–240 ,,,,
2015,Midwest,Ohio,Female, <10 ,,,,
2015,Midwest,South Dakota,Total, 27 ,,,,
2015,Midwest,South Dakota,Male, 20–30 ,,,,
2015,Midwest,South Dakota,Female, <10 ,,,,
2015,Midwest,Wisconsin,Total, 120 ,,,,
2015,Midwest,Wisconsin,Male, 110–120 ,,,,
2015,Midwest,Wisconsin,Female, <10 ,,,,
2015,South,Alabama,Total, 134 ,,,,
2015,South,Alabama,Male, 120–130 ,,,,
2015,South,Alabama,Female, <10 ,,,,
2015,South,Arkansas,Total, 100 ,,,,
2015,South,Arkansas,Male, 90–100 ,,,,
2015,South,Arkansas,Female, <10 ,,,,
2015,South,Delaware,Total, 11 ,,,,
2015,South,Delaware,Male, 0–10 ,,,,
2015,South,Delaware,Female, <10 ,,,,
2015,South,District of Columbia,Total, <10 ,,,,
2015,South,District of Columbia,Male, <10 ,,,,
2015,South,District of Columbia,Female, <10 ,,,,
2015,South,Florida,Total, 589 ,,,,
2015,South,Florida,Male, 562 ,,,,
2015,South,Florida,Female, 27 ,,,,
2015,South,Georgia,Total, 199 ,,,,
2015,South,Georgia,Male, 189 ,,,,
2015,South,Georgia,Female, 10 ,,,,
2015,South,Kentucky,Total, 131 ,,,,
2015,South,Kentucky,Male, 120–130 ,,,,
2015,South,Kentucky,Female, <10 ,,,,
2015,South,Louisiana,Total, 100 ,,,,
2015,South,Louisiana,Male, 90–100 ,,,,
2015,South,Louisiana,Female, <10 ,,,,
2015,South,Maryland,Total, 84 ,,,,
2015,South,Maryland,Male, 80–90 ,,,,
2015,South,Maryland,Female, <10 ,,,,
2015,South,Mississippi,Total, 66 ,,,,
2015,South,Mississippi,Male, 60–70 ,,,,
2015,South,Mississippi,Female, <10 ,,,,
2015,South,North Carolina,Total, 225 ,,,,
2015,South,North Carolina,Male, 212 ,,,,
2015,South,North Carolina,Female, 13 ,,,,
2015,South,Oklahoma,Total, 133 ,,,,
2015,South,Oklahoma,Male, 120–130 ,,,,
2015,South,Oklahoma,Female, <10 ,,,,
2015,South,South Carolina,Total, 125 ,,,,
2015,South,South Carolina,Male, 110–120 ,,,,
2015,South,South Carolina,Female, <10 ,,,,
2015,South,Tennessee,Total, 156 ,,,,
2015,South,Tennessee,Male, 150–160 ,,,,
2015,South,Tennessee,Female, <10 ,,,,
2015,South,Texas,Total, 528 ,,,,
2015,South,Texas,Male, 486 ,,,,
2015,South,Texas,Female, 42 ,,,,
2015,South,Virginia,Total, 184 ,,,,
2015,South,Virginia,Male, 172 ,,,,
2015,South,Virginia,Female, 12 ,,,,
2015,South,West Virginia,Total, 61 ,,,,
2015,South,West Virginia,Male, 50–60 ,,,,
2015,South,West Virginia,Female, <10 ,,,,
2015,West,Alaska,Total, 27 ,,,,
2015,West,Alaska,Male, 20–30 ,,,,
2015,West,Alaska,Female, <10 ,,,,
2015,West,Arizona,Total, 223 ,,,,
2015,West,Arizona,Male, 210 ,,,,
2015,West,Arizona,Female, 13 ,,,,
2015,West,California,Total, 547 ,,,,
2015,West,California,Male, 524 ,,,,
2015,West,California,Female, 23 ,,,,
2015,West,Colorado,Total, 171 ,,,,
2015,West,Colorado,Male, 160–170 ,,,,
2015,West,Colorado,Female, <10 ,,,,
2015,West,Hawaii,Total, 27 ,,,,
2015,West,Hawaii,Male, 20–30 ,,,,
2015,West,Hawaii,Female, <10 ,,,,
2015,West,Idaho,Total, 61 ,,,,
2015,West,Idaho,Male, 50–60 ,,,,
2015,West,Idaho,Female, <10 ,,,,
2015,West,Montana,Total, 48 ,,,,
2015,West,Montana,Male, 40–50 ,,,,
2015,West,Montana,Female, <10 ,,,,
2015,West,Nevada,Total, 101 ,,,,
2015,West,Nevada,Male, 90–100 ,,,,
2015,West,Nevada,Female, <10 ,,,,
2015,West,New Mexico,Total, 76 ,,,,
2015,West,New Mexico,Male, 70–80 ,,,,
2015,West,New Mexico,Female, <10 ,,,,
2015,West,Oregon,Total, 133 ,,,,
2015,West,Oregon,Male, 120–130 ,,,,
2015,West,Oregon,Female, <10 ,,,,
2015,West,Utah,Total, 63 ,,,,
2015,West,Utah,Male, 60–70 ,,,,
2015,West,Utah,Female, <10 ,,,,
2015,West,Washington,Total, 181 ,,,,
2015,West,Washington,Male, 170 ,,,,
2015,West,Washington,Female, 11 ,,,,
2015,West,Wyoming,Total, 25 ,,,,
2015,West,Wyoming,Male, 20–30 ,,,,
2015,West,Wyoming,Female, <10 ,,,,
2016, ,Total U.S.,Total," 6,310 ",,,,
2016, ,Total U.S.,Male," 6,038 ",,,,
2016, ,Total U.S.,Female, 272 ,,,,
2016,Northeast,Connecticut,Total, 38 ,,,,
2016,Northeast,Connecticut,Male, 30–40 ,,,,
2016,Northeast,Connecticut,Female, <10 ,,,,
2016,Northeast,Maine,Total, 31 ,,,,
2016,Northeast,Maine,Male, 20–30 ,,,,
2016,Northeast,Maine,Female, <10 ,,,,
2016,Northeast,Massachusetts,Total, 73 ,,,,
2016,Northeast,Massachusetts,Male, 70–80 ,,,,
2016,Northeast,Massachusetts,Female, <10 ,,,,
2016,Northeast,New Hampshire,Total, 35 ,,,,
2016,Northeast,New Hampshire,Male, 30–40 ,,,,
2016,Northeast,New Hampshire,Female, <10 ,,,,
2016,Northeast,New Jersey,Total, 74 ,,,,
2016,Northeast,New Jersey,Male, 70–80 ,,,,
2016,Northeast,New Jersey,Female, <10 ,,,,
2016,Northeast,New York,Total, 162 ,,,,
2016,Northeast,New York,Male, 150–160 ,,,,
2016,Northeast,New York,Female, <10 ,,,,
2016,Northeast,Pennsylvania,Total, 280 ,,,,
2016,Northeast,Pennsylvania,Male, 270–280 ,,,,
2016,Northeast,Pennsylvania,Female, <10 ,,,,
2016,Northeast,Rhode Island,Total, 18 ,,,,
2016,Northeast,Rhode Island,Male, 10–20 ,,,,
2016,Northeast,Rhode Island,Female, <10 ,,,,
2016,Northeast,Vermont,Total, 26 ,,,,
2016,Northeast,Vermont,Male, 20–30 ,,,,
2016,Northeast,Vermont,Female, <10 ,,,,
2016,Midwest,Illinois,Total, 165 ,,,,
2016,Midwest,Illinois,Male, 160–170 ,,,,
2016,Midwest,Illinois,Female, <10 ,,,,
2016,Midwest,Indiana,Total, 73 ,,,,
2016,Midwest,Indiana,Male, 60–70 ,,,,
2016,Midwest,Indiana,Female, <10 ,,,,
2016,Midwest,Iowa,Total, 68 ,,,,
2016,Midwest,Iowa,Male, 60–70 ,,,,
2016,Midwest,Iowa,Female, <10 ,,,,
2016,Midwest,Kansas,Total, 59 ,,,,
2016,Midwest,Kansas,Male, 50–60 ,,,,
2016,Midwest,Kansas,Female, <10 ,,,,
2016,Midwest,Michigan,Total, 169 ,,,,
2016,Midwest,Michigan,Male, 150–160 ,,,,
2016,Midwest,Michigan,Female, <10 ,,,,
2016,Midwest,Minnesota,Total, 98 ,,,,
2016,Midwest,Minnesota,Male, 90–100 ,,,,
2016,Midwest,Minnesota,Female, <10 ,,,,
2016,Midwest,Missouri,Total, 164 ,,,,
2016,Midwest,Missouri,Male, 154 ,,,,
2016,Midwest,Missouri,Female, 10 ,,,,
2016,Midwest,Nebraska,Total, 28 ,,,,
2016,Midwest,Nebraska,Male, 20–30 ,,,,
2016,Midwest,Nebraska,Female, <10 ,,,,
2016,Midwest,North Dakota,Total, 18 ,,,,
2016,Midwest,North Dakota,Male, 10–20 ,,,,
2016,Midwest,North Dakota,Female, <10 ,,,,
2016,Midwest,Ohio,Total, 252 ,,,,
2016,Midwest,Ohio,Male, 240–250 ,,,,
2016,Midwest,Ohio,Female, <10 ,,,,
2016,Midwest,South Dakota,Total, 20 ,,,,
2016,Midwest,South Dakota,Male, 10–20 ,,,,
2016,Midwest,South Dakota,Female, <10 ,,,,
2016,Midwest,Wisconsin,Total, 140 ,,,,
2016,Midwest,Wisconsin,Male, 130–140 ,,,,
2016,Midwest,Wisconsin,Female, <10 ,,,,
2016,South,Alabama,Total, 133 ,,,,
2016,South,Alabama,Male, 120–130 ,,,,
2016,South,Alabama,Female, <10 ,,,,
2016,South,Arkansas,Total, 94 ,,,,
2016,South,Arkansas,Male, 90–100 ,,,,
2016,South,Arkansas,Female, <10 ,,,,
2016,South,Delaware,Total, 24 ,,,,
2016,South,Delaware,Male, 20–30 ,,,,
2016,South,Delaware,Female, <10 ,,,,
2016,South,District of Columbia,Total, <10 ,,,,
2016,South,District of Columbia,Male, <10 ,,,,
2016,South,District of Columbia,Female, <10 ,,,,
2016,South,Florida,Total, 550 ,,,,
2016,South,Florida,Male, 525 ,,,,
2016,South,Florida,Female, 25 ,,,,
2016,South,Georgia,Total, 204 ,,,,
2016,South,Georgia,Male, 190–200 ,,,,
2016,South,Georgia,Female, <10 ,,,,
2016,South,Kentucky,Total, 112 ,,,,
2016,South,Kentucky,Male, 100–110 ,,,,
2016,South,Kentucky,Female, <10 ,,,,
2016,South,Louisiana,Total, 78 ,,,,
2016,South,Louisiana,Male, 70–80 ,,,,
2016,South,Louisiana,Female, <10 ,,,,
2016,South,Maryland,Total, 72 ,,,,
2016,South,Maryland,Male, 70–80 ,,,,
2016,South,Maryland,Female, <10 ,,,,
2016,South,Mississippi,Total, 54 ,,,,
2016,South,Mississippi,Male, 50–60 ,,,,
2016,South,Mississippi,Female, <10 ,,,,
2016,South,North Carolina,Total, 182 ,,,,
2016,South,North Carolina,Male, 170 ,,,,
2016,South,North Carolina,Female, 12 ,,,,
2016,South,Oklahoma,Total, 111 ,,,,
2016,South,Oklahoma,Male, 100–110 ,,,,
2016,South,Oklahoma,Female, <10 ,,,,
2016,South,South Carolina,Total, 127 ,,,,
2016,South,South Carolina,Male, 120–130 ,,,,
2016,South,South Carolina,Female, <10 ,,,,
2016,South,Tennessee,Total, 171 ,,,,
2016,South,Tennessee,Male, 160–170 ,,,,
2016,South,Tennessee,Female, <10 ,,,,
2016,South,Texas,Total, 539 ,,,,
2016,South,Texas,Male, 511 ,,,,
2016,South,Texas,Female, 28 ,,,,
2016,South,Virginia,Total, 204 ,,,,
2016,South,Virginia,Male, 192 ,,,,
2016,South,Virginia,Female, 12 ,,,,
2016,South,West Virginia,Total, 52 ,,,,
2016,South,West Virginia,Male, 50–60 ,,,,
2016,South,West Virginia,Female, <10 ,,,,
2016,West,Alaska,Total, 17 ,,,,
2016,West,Alaska,Male, 10–20 ,,,,
2016,West,Alaska,Female, <10 ,,,,
2016,West,Arizona,Total, 231 ,,,,
2016,West,Arizona,Male, 220 ,,,,
2016,West,Arizona,Female, 11 ,,,,
2016,West,California,Total, 499 ,,,,
2016,West,California,Male, 478 ,,,,
2016,West,California,Female, 21 ,,,,
2016,West,Colorado,Total, 171 ,,,,
2016,West,Colorado,Male, 160–170 ,,,,
2016,West,Colorado,Female, <10 ,,,,
2016,West,Hawaii,Total, 12 ,,,,
2016,West,Hawaii,Male, 10–20 ,,,,
2016,West,Hawaii,Female, <10 ,,,,
2016,West,Idaho,Total, 60 ,,,,
2016,West,Idaho,Male, 50–60 ,,,,
2016,West,Idaho,Female, <10 ,,,,
2016,West,Montana,Total, 46 ,,,,
2016,West,Montana,Male, 40–50 ,,,,
2016,West,Montana,Female, <10 ,,,,
2016,West,Nevada,Total, 108 ,,,,
2016,West,Nevada,Male, 100–110 ,,,,
2016,West,Nevada,Female, <10 ,,,,
2016,West,New Mexico,Total, 70 ,,,,
2016,West,New Mexico,Male, 60–70 ,,,,
2016,West,New Mexico,Female, <10 ,,,,
2016,West,Oregon,Total, 129 ,,,,
2016,West,Oregon,Male, 120–130 ,,,,
2016,West,Oregon,Female, <10 ,,,,
2016,West,Utah,Total, 61 ,,,,
2016,West,Utah,Male, 50–60 ,,,,
2016,West,Utah,Female, <10 ,,,,
2016,West,Washington,Total, 184 ,,,,
2016,West,Washington,Male, 170–180 ,,,,
2016,West,Washington,Female, <10 ,,,,
2016,West,Wyoming,Total, 22 ,,,,
2016,West,Wyoming,Male, 10–20 ,,,,
2016,West,Wyoming,Female, <10 ,,,,
2017, ,Total U.S.,Total," 6,399 ",,,,
2017, ,Total U.S.,Male," 6,095 ",,,,
2017, ,Total U.S.,Female, 304 ,,,,
2017,Northeast,Connecticut,Total, 38 ,,,,
2017,Northeast,Connecticut,Male, 30–40 ,,,,
2017,Northeast,Connecticut,Female, <10 ,,,,
2017,Northeast,Maine,Total, 48 ,,,,
2017,Northeast,Maine,Male, 40–50 ,,,,
2017,Northeast,Maine,Female, <10 ,,,,
2017,Northeast,Massachusetts,Total, 63 ,,,,
2017,Northeast,Massachusetts,Male, 60–70 ,,,,
2017,Northeast,Massachusetts,Female, <10 ,,,,
2017,Northeast,New Hampshire,Total, 36 ,,,,
2017,Northeast,New Hampshire,Male, 30–40 ,,,,
2017,Northeast,New Hampshire,Female, <10 ,,,,
2017,Northeast,New Jersey,Total, 79 ,,,,
2017,Northeast,New Jersey,Male, 70–80 ,,,,
2017,Northeast,New Jersey,Female, <10 ,,,,
2017,Northeast,New York,Total, 144 ,,,,
2017,Northeast,New York,Male, 130–140 ,,,,
2017,Northeast,New York,Female, <10 ,,,,
2017,Northeast,Pennsylvania,Total, 269 ,,,,
2017,Northeast,Pennsylvania,Male, 258 ,,,,
2017,Northeast,Pennsylvania,Female, 11 ,,,,
2017,Northeast,Rhode Island,Total, 12 ,,,,
2017,Northeast,Rhode Island,Male, 0–10 ,,,,
2017,Northeast,Rhode Island,Female, <10 ,,,,
2017,Northeast,Vermont,Total, 10 ,,,,
2017,Northeast,Vermont,Male, 0–10 ,,,,
2017,Northeast,Vermont,Female, <10 ,,,,
2017,Midwest,Illinois,Total, 174 ,,,,
2017,Midwest,Illinois,Male, 160–170 ,,,,
2017,Midwest,Illinois,Female, <10 ,,,,
2017,Midwest,Indiana,Total, 127 ,,,,
2017,Midwest,Indiana,Male, 120–130 ,,,,
2017,Midwest,Indiana,Female, <10 ,,,,
2017,Midwest,Iowa,Total, 67 ,,,,
2017,Midwest,Iowa,Male, 60–70 ,,,,
2017,Midwest,Iowa,Female, <10 ,,,,
2017,Midwest,Kansas,Total, 73 ,,,,
2017,Midwest,Kansas,Male, 60–70 ,,,,
2017,Midwest,Kansas,Female, <10 ,,,,
2017,Midwest,Michigan,Total, 183 ,,,,
2017,Midwest,Michigan,Male, 170–180 ,,,,
2017,Midwest,Michigan,Female, <10 ,,,,
2017,Midwest,Minnesota,Total, 94 ,,,,
2017,Midwest,Minnesota,Male, 90–100 ,,,,
2017,Midwest,Minnesota,Female, <10 ,,,,
2017,Midwest,Missouri,Total, 160 ,,,,
2017,Midwest,Missouri,Male, 150–160 ,,,,
2017,Midwest,Missouri,Female, <10 ,,,,
2017,Midwest,Nebraska,Total, 38 ,,,,
2017,Midwest,Nebraska,Male, 30–40 ,,,,
2017,Midwest,Nebraska,Female, <10 ,,,,
2017,Midwest,North Dakota,Total, 22 ,,,,
2017,Midwest,North Dakota,Male, 10–20 ,,,,
2017,Midwest,North Dakota,Female, <10 ,,,,
2017,Midwest,Ohio,Total, 250 ,,,,
2017,Midwest,Ohio,Male, 237 ,,,,
2017,Midwest,Ohio,Female, 13 ,,,,
2017,Midwest,South Dakota,Total, 21 ,,,,
2017,Midwest,South Dakota,Male, 20–30 ,,,,
2017,Midwest,South Dakota,Female, <10 ,,,,
2017,Midwest,Wisconsin,Total, 135 ,,,,
2017,Midwest,Wisconsin,Male, 120–130 ,,,,
2017,Midwest,Wisconsin,Female, <10 ,,,,
2017,South,Alabama,Total, 128 ,,,,
2017,South,Alabama,Male, 120–130 ,,,,
2017,South,Alabama,Female, <10 ,,,,
2017,South,Arkansas,Total, 105 ,,,,
2017,South,Arkansas,Male, 90–100 ,,,,
2017,South,Arkansas,Female, <10 ,,,,
2017,South,Delaware,Total, 15 ,,,,
2017,South,Delaware,Male, 10–20 ,,,,
2017,South,Delaware,Female, <10 ,,,,
2017,South,District of Columbia,Total, <10 ,,,,
2017,South,District of Columbia,Male, <10 ,,,,
2017,South,District of Columbia,Female, <10 ,,,,
2017,South,Florida,Total, 527 ,,,,
2017,South,Florida,Male, 498 ,,,,
2017,South,Florida,Female, 29 ,,,,
2017,South,Georgia,Total, 205 ,,,,
2017,South,Georgia,Male, 190–200 ,,,,
2017,South,Georgia,Female, <10 ,,,,
2017,South,Kentucky,Total, 116 ,,,,
2017,South,Kentucky,Male, 110–120 ,,,,
2017,South,Kentucky,Female, <10 ,,,,
2017,South,Louisiana,Total, 99 ,,,,
2017,South,Louisiana,Male, 90–100 ,,,,
2017,South,Louisiana,Female, <10 ,,,,
2017,South,Maryland,Total, 81 ,,,,
2017,South,Maryland,Male, 70–80 ,,,,
2017,South,Maryland,Female, <10 ,,,,
2017,South,Mississippi,Total, 61 ,,,,
2017,South,Mississippi,Male, 50–60 ,,,,
2017,South,Mississippi,Female, <10 ,,,,
2017,South,North Carolina,Total, 223 ,,,,
2017,South,North Carolina,Male, 210 ,,,,
2017,South,North Carolina,Female, 13 ,,,,
2017,South,Oklahoma,Total, 90 ,,,,
2017,South,Oklahoma,Male, 80–90 ,,,,
2017,South,Oklahoma,Female, <10 ,,,,
2017,South,South Carolina,Total, 124 ,,,,
2017,South,South Carolina,Male, 110–120 ,,,,
2017,South,South Carolina,Female, <10 ,,,,
2017,South,Tennessee,Total, 166 ,,,,
2017,South,Tennessee,Male, 155 ,,,,
2017,South,Tennessee,Female, 11 ,,,,
2017,South,Texas,Total, 512 ,,,,
2017,South,Texas,Male, 490 ,,,,
2017,South,Texas,Female, 22 ,,,,
2017,South,Virginia,Total, 168 ,,,,
2017,South,Virginia,Male, 153 ,,,,
2017,South,Virginia,Female, 15 ,,,,
2017,South,West Virginia,Total, 61 ,,,,
2017,South,West Virginia,Male, 50–60 ,,,,
2017,South,West Virginia,Female, <10 ,,,,
2017,West,Alaska,Total, 28 ,,,,
2017,West,Alaska,Male, 20–30 ,,,,
2017,West,Alaska,Female, <10 ,,,,
2017,West,Arizona,Total, 233 ,,,,
2017,West,Arizona,Male, 220 ,,,,
2017,West,Arizona,Female, 13 ,,,,
2017,West,California,Total, 504 ,,,,
2017,West,California,Male, 483 ,,,,
2017,West,California,Female, 21 ,,,,
2017,West,Colorado,Total, 160 ,,,,
2017,West,Colorado,Male, 149 ,,,,
2017,West,Colorado,Female, 11 ,,,,
2017,West,Hawaii,Total, 22 ,,,,
2017,West,Hawaii,Male, 20–30 ,,,,
2017,West,Hawaii,Female, <10 ,,,,
2017,West,Idaho,Total, 51 ,,,,
2017,West,Idaho,Male, 40–50 ,,,,
2017,West,Idaho,Female, <10 ,,,,
2017,West,Montana,Total, 54 ,,,,
2017,West,Montana,Male, 50–60 ,,,,
2017,West,Montana,Female, <10 ,,,,
2017,West,Nevada,Total, 120 ,,,,
2017,West,Nevada,Male, 110 ,,,,
2017,West,Nevada,Female, 10 ,,,,
2017,West,New Mexico,Total, 72 ,,,,
2017,West,New Mexico,Male, 60–70 ,,,,
2017,West,New Mexico,Female, <10 ,,,,
2017,West,Oregon,Total, 150 ,,,,
2017,West,Oregon,Male, 140–150 ,,,,
2017,West,Oregon,Female, <10 ,,,,
2017,West,Utah,Total, 65 ,,,,
2017,West,Utah,Male, 60–70 ,,,,
2017,West,Utah,Female, <10 ,,,,
2017,West,Washington,Total, 185 ,,,,
2017,West,Washington,Male, 173 ,,,,
2017,West,Washington,Female, 12 ,,,,
2017,West,Wyoming,Total, 28 ,,,,
2017,West,Wyoming,Male, 20–30 ,,,,
2017,West,Wyoming,Female, <10 ,,,,
2018, ,Total U.S.,Total," 6,435 ",,,,
2018, ,Total U.S.,Male," 6,144 ",,,,
2018, ,Total U.S.,Female, 291 ,,,,
2018,Northeast,Connecticut,Total, 47 ,,,,
2018,Northeast,Connecticut,Male, 40–50 ,,,,
2018,Northeast,Connecticut,Female, <10 ,,,,
2018,Northeast,Maine,Total, 47 ,,,,
2018,Northeast,Maine,Male, 40–50 ,,,,
2018,Northeast,Maine,Female, <10 ,,,,
2018,Northeast,Massachusetts,Total, 69 ,,,,
2018,Northeast,Massachusetts,Male, 60–70 ,,,,
2018,Northeast,Massachusetts,Female, <10 ,,,,
2018,Northeast,New Hampshire,Total, 38 ,,,,
2018,Northeast,New Hampshire,Male, 30–40 ,,,,
2018,Northeast,New Hampshire,Female, <10 ,,,,
2018,Northeast,New Jersey,Total, 63 ,,,,
2018,Northeast,New Jersey,Male, 50–60 ,,,,
2018,Northeast,New Jersey,Female, <10 ,,,,
2018,Northeast,New York,Total, 172 ,,,,
2018,Northeast,New York,Male, 160–170 ,,,,
2018,Northeast,New York,Female, <10 ,,,,
2018,Northeast,Pennsylvania,Total, 261 ,,,,
2018,Northeast,Pennsylvania,Male, 250–260 ,,,,
2018,Northeast,Pennsylvania,Female, <10 ,,,,
2018,Northeast,Rhode Island,Total, 15 ,,,,
2018,Northeast,Rhode Island,Male, 10–20 ,,,,
2018,Northeast,Rhode Island,Female, <10 ,,,,
2018,Northeast,Vermont,Total, 14 ,,,,
2018,Northeast,Vermont,Male, 10–20 ,,,,
2018,Northeast,Vermont,Female, <10 ,,,,
2018,Midwest,Illinois,Total, 154 ,,,,
2018,Midwest,Illinois,Male, 140–150 ,,,,
2018,Midwest,Illinois,Female, <10 ,,,,
2018,Midwest,Indiana,Total, 139 ,,,,
2018,Midwest,Indiana,Male, 130–140 ,,,,
2018,Midwest,Indiana,Female, <10 ,,,,
2018,Midwest,Iowa,Total, 60 ,,,,
2018,Midwest,Iowa,Male, 50–60 ,,,,
2018,Midwest,Iowa,Female, <10 ,,,,
2018,Midwest,Kansas,Total, 81 ,,,,
2018,Midwest,Kansas,Male, 70–80 ,,,,
2018,Midwest,Kansas,Female, <10 ,,,,
2018,Midwest,Michigan,Total, 202 ,,,,
2018,Midwest,Michigan,Male, 190–200 ,,,,
2018,Midwest,Michigan,Female, <10 ,,,,
2018,Midwest,Minnesota,Total, 88 ,,,,
2018,Midwest,Minnesota,Male, 80–90 ,,,,
2018,Midwest,Minnesota,Female, <10 ,,,,
2018,Midwest,Missouri,Total, 192 ,,,,
2018,Midwest,Missouri,Male, 180 ,,,,
2018,Midwest,Missouri,Female, 12 ,,,,
2018,Midwest,Nebraska,Total, 40 ,,,,
2018,Midwest,Nebraska,Male, 30–40 ,,,,
2018,Midwest,Nebraska,Female, <10 ,,,,
2018,Midwest,North Dakota,Total, 16 ,,,,
2018,Midwest,North Dakota,Male, 10–20 ,,,,
2018,Midwest,North Dakota,Female, <10 ,,,,
2018,Midwest,Ohio,Total, 211 ,,,,
2018,Midwest,Ohio,Male, 200–210 ,,,,
2018,Midwest,Ohio,Female, <10 ,,,,
2018,Midwest,South Dakota,Total, 24 ,,,,
2018,Midwest,South Dakota,Male, 20–30 ,,,,
2018,Midwest,South Dakota,Female, <10 ,,,,
2018,Midwest,Wisconsin,Total, 115 ,,,,
2018,Midwest,Wisconsin,Male, 110–120 ,,,,
2018,Midwest,Wisconsin,Female, <10 ,,,,
2018,South,Alabama,Total, 140 ,,,,
2018,South,Alabama,Male, 130–140 ,,,,
2018,South,Alabama,Female, <10 ,,,,
2018,South,Arkansas,Total, 78 ,,,,
2018,South,Arkansas,Male, 70–80 ,,,,
2018,South,Arkansas,Female, <10 ,,,,
2018,South,Delaware,Total, 16 ,,,,
2018,South,Delaware,Male, 10–20 ,,,,
2018,South,Delaware,Female, <10 ,,,,
2018,South,District of Columbia,Total, <10 ,,,,
2018,South,District of Columbia,Male, <10 ,,,,
2018,South,District of Columbia,Female, <10 ,,,,
2018,South,Florida,Total, 577 ,,,,
2018,South,Florida,Male, 557 ,,,,
2018,South,Florida,Female, 20 ,,,,
2018,South,Georgia,Total, 208 ,,,,
2018,South,Georgia,Male, 196 ,,,,
2018,South,Georgia,Female, 12 ,,,,
2018,South,Kentucky,Total, 112 ,,,,
2018,South,Kentucky,Male, 102 ,,,,
2018,South,Kentucky,Female, 10 ,,,,
2018,South,Louisiana,Total, 99 ,,,,
2018,South,Louisiana,Male, 90–100 ,,,,
2018,South,Louisiana,Female, <10 ,,,,
2018,South,Maryland,Total, 91 ,,,,
2018,South,Maryland,Male, 81 ,,,,
2018,South,Maryland,Female, 10 ,,,,
2018,South,Mississippi,Total, 61 ,,,,
2018,South,Mississippi,Male, 50–60 ,,,,
2018,South,Mississippi,Female, <10 ,,,,
2018,South,North Carolina,Total, 205 ,,,,
2018,South,North Carolina,Male, 194 ,,,,
2018,South,North Carolina,Female, 11 ,,,,
2018,South,Oklahoma,Total, 123 ,,,,
2018,South,Oklahoma,Male, 110–120 ,,,,
2018,South,Oklahoma,Female, <10 ,,,,
2018,South,South Carolina,Total, 113 ,,,,
2018,South,South Carolina,Male, 100–110 ,,,,
2018,South,South Carolina,Female, <10 ,,,,
2018,South,Tennessee,Total, 181 ,,,,
2018,South,Tennessee,Male, 170 ,,,,
2018,South,Tennessee,Female, 11 ,,,,
2018,South,Texas,Total, 511 ,,,,
2018,South,Texas,Male, 481 ,,,,
2018,South,Texas,Female, 30 ,,,,
2018,South,Virginia,Total, 177 ,,,,
2018,South,Virginia,Male, 160–170 ,,,,
2018,South,Virginia,Female, <10 ,,,,
2018,South,West Virginia,Total, 64 ,,,,
2018,South,West Virginia,Male, 60–70 ,,,,
2018,South,West Virginia,Female, <10 ,,,,
2018,West,Alaska,Total, 18 ,,,,
2018,West,Alaska,Male, 10–20 ,,,,
2018,West,Alaska,Female, <10 ,,,,
2018,West,Arizona,Total, 227 ,,,,
2018,West,Arizona,Male, 220–230 ,,,,
2018,West,Arizona,Female, <10 ,,,,
2018,West,California,Total, 526 ,,,,
2018,West,California,Male, 509 ,,,,
2018,West,California,Female, 17 ,,,,
2018,West,Colorado,Total, 173 ,,,,
2018,West,Colorado,Male, 160–170 ,,,,
2018,West,Colorado,Female, <10 ,,,,
2018,West,Hawaii,Total, 19 ,,,,
2018,West,Hawaii,Male, 10–20 ,,,,
2018,West,Hawaii,Female, <10 ,,,,
2018,West,Idaho,Total, 54 ,,,,
2018,West,Idaho,Male, 50–60 ,,,,
2018,West,Idaho,Female, <10 ,,,,
2018,West,Montana,Total, 56 ,,,,
2018,West,Montana,Male, 50–60 ,,,,
2018,West,Montana,Female, <10 ,,,,
2018,West,Nevada,Total, 94 ,,,,
2018,West,Nevada,Male, 80–90 ,,,,
2018,West,Nevada,Female, <10 ,,,,
2018,West,New Mexico,Total, 68 ,,,,
2018,West,New Mexico,Male, 60–70 ,,,,
2018,West,New Mexico,Female, <10 ,,,,
2018,West,Oregon,Total, 144 ,,,,
2018,West,Oregon,Male, 130–140 ,,,,
2018,West,Oregon,Female, <10 ,,,,
2018,West,Utah,Total, 55 ,,,,
2018,West,Utah,Male, 50–60 ,,,,
2018,West,Utah,Female, <10 ,,,,
2018,West,Washington,Total, 175 ,,,,
2018,West,Washington,Male, 160–170 ,,,,
2018,West,Washington,Female, <10 ,,,,
2018,West,Wyoming,Total, 18 ,,,,
2018,West,Wyoming,Male, 10–20 ,,,,
2018,West,Wyoming,Female, <10 ,,,,
